run,operation,started,time,status,label,checkpoint-path,data-seed,dataset,embedding-dim,epochs,learning-rate-supervised,learning-rate-unsupervised,modality,neg-sample-rate,net-seed,patience,pretrain-batch,random-walk-length,sample-context-rate,supervised-batch,supervised-batch-size,unsupervised-batch,unsupervised-batch-size,verbose,window-size,yang-splits,step,bw_accuracy,bw_epoch,bw_loss,bw_test_accuracy,bw_test_loss,bw_val_accuracy,bw_val_loss,loss,masked_accuracy,val_loss,val_masked_accuracy
b74e5ecf,Planetoid-i|planetoid-i:train,2020-04-16 18:04:53,0:00:26,completed,data-seed=5687 dataset=pubmed epochs=1000 net-seed=6473 verbose=0,,5687,pubmed,50,1000,0.1,0.001,I,0,6473,-1,10,10,0.038,1.0,200,0.1,20,0,3,True,1000,1.0,428.0,2.4177193641662598,0.7329999804496765,1.0541391372680664,0.7319999933242798,1.0516409873962402,0.9328538179397583,1.0,0.8545762896537781,0.722000002861023
233cfffe,Planetoid-i|planetoid-i:train,2020-04-16 18:04:26,0:00:24,completed,data-seed=5687 dataset=pubmed epochs=1000 net-seed=872 verbose=0,,5687,pubmed,50,1000,0.1,0.001,I,0,872,-1,10,10,0.038,1.0,200,0.1,20,0,3,True,1000,1.0,899.0,0.9903674721717834,0.7379999756813049,0.865866482257843,0.7440000176429749,0.8682469129562378,0.9326614737510681,1.0,0.8581774234771729,0.7360000014305115
c5a68e78,Planetoid-i|planetoid-i:train,2020-04-16 18:03:58,0:00:26,completed,data-seed=5687 dataset=pubmed epochs=1000 net-seed=8964 verbose=0,,5687,pubmed,50,1000,0.1,0.001,I,0,8964,-1,10,10,0.038,1.0,200,0.1,20,0,3,True,1000,1.0,622.0,1.250213623046875,0.7360000014305115,0.8967850208282471,0.7300000190734863,0.8968520760536194,0.9594113826751709,1.0,0.8525975346565247,0.7120000123977661
1b6e0b74,Planetoid-i|planetoid-i:train,2020-04-16 18:03:31,0:00:24,completed,data-seed=5687 dataset=pubmed epochs=1000 net-seed=5688 verbose=0,,5687,pubmed,50,1000,0.1,0.001,I,0,5688,-1,10,10,0.038,1.0,200,0.1,20,0,3,True,1000,1.0,861.0,1.0442529916763306,0.7419999837875366,0.8714497089385986,0.734000027179718,0.8714321255683899,0.9388784170150757,1.0,0.8547864556312561,0.722000002861023
f66d7275,Planetoid-i|planetoid-i:train,2020-04-16 18:03:02,0:00:26,completed,data-seed=5687 dataset=pubmed epochs=1000 net-seed=6608 verbose=0,,5687,pubmed,50,1000,0.1,0.001,I,0,6608,-1,10,10,0.038,1.0,200,0.1,20,0,3,True,1000,1.0,656.0,1.2102375030517578,0.7379999756813049,0.894737184047699,0.7459999918937683,0.8975091576576233,0.9435887336730957,1.0,0.852543294429779,0.722000002861023
b8f55105,Planetoid-i|planetoid-i:train,2020-04-16 18:02:35,0:00:24,completed,data-seed=5687 dataset=pubmed epochs=1000 net-seed=9399 verbose=0,,5687,pubmed,50,1000,0.1,0.001,I,0,9399,-1,10,10,0.038,1.0,200,0.1,20,0,3,True,1000,1.0,916.0,0.9781727194786072,0.7409999966621399,0.8571706414222717,0.7360000014305115,0.8588132262229919,0.9303678870201111,1.0,0.8513203263282776,0.7360000014305115
3f0bb62d,Planetoid-i|planetoid-i:train,2020-04-16 18:02:06,0:00:26,completed,data-seed=5687 dataset=pubmed epochs=1000 net-seed=4975 verbose=0,,5687,pubmed,50,1000,0.1,0.001,I,0,4975,-1,10,10,0.038,1.0,200,0.1,20,0,3,True,1000,1.0,661.0,1.2432315349578857,0.7289999723434448,0.9227210283279419,0.7300000190734863,0.925647497177124,0.9255468845367432,1.0,0.8628270626068115,0.7120000123977661
4c2a1b42,Planetoid-i|planetoid-i:train,2020-04-16 18:01:40,0:00:23,completed,data-seed=5687 dataset=pubmed epochs=1000 net-seed=551 verbose=0,,5687,pubmed,50,1000,0.1,0.001,I,0,551,-1,10,10,0.038,1.0,200,0.1,20,0,3,True,1000,1.0,945.0,0.9794080257415771,0.7450000047683716,0.8514615297317505,0.734000027179718,0.8542123436927795,0.9491077661514282,1.0,0.8499294519424438,0.7279999852180481
6f299654,Planetoid-i|planetoid-i:train,2020-04-16 18:01:08,0:00:30,completed,data-seed=5687 dataset=pubmed epochs=1000 net-seed=1353 verbose=0,,5687,pubmed,50,1000,0.1,0.001,I,0,1353,-1,10,10,0.038,1.0,200,0.1,20,0,3,True,1000,1.0,706.0,1.1477127075195312,0.7419999837875366,0.8914164900779724,0.7260000109672546,0.8948438167572021,0.9231647253036499,1.0,0.8553208112716675,0.7239999771118164
19f2447d,Planetoid-i|planetoid-i:train,2020-04-16 18:00:41,0:00:24,completed,data-seed=5687 dataset=pubmed epochs=1000 net-seed=9516 verbose=0,,5687,pubmed,50,1000,0.1,0.001,I,0,9516,-1,10,10,0.038,1.0,200,0.1,20,0,3,True,1000,1.0,997.0,0.9474416971206665,0.7360000014305115,0.8588431477546692,0.7239999771118164,0.8657707571983337,0.945510983467102,1.0,0.8654213547706604,0.7239999771118164
ff09e237,Planetoid-i|planetoid-i:train,2020-04-16 18:00:11,0:00:27,completed,data-seed=5687 epochs=1000 net-seed=6473 verbose=0,,5687,cora,50,1000,0.1,0.001,I,0,6473,-1,10,10,0.038,1.0,200,0.1,20,0,3,True,1000,1.0,200.0,1.3888235092163086,0.5879999995231628,1.8624505996704102,0.5440000295639038,1.8651528358459473,0.12781792879104614,1.0,1.6631762981414795,0.5379999876022339
212ef307,Planetoid-i|planetoid-i:train,2020-04-16 17:59:42,0:00:26,completed,data-seed=5687 epochs=1000 net-seed=872 verbose=0,,5687,cora,50,1000,0.1,0.001,I,0,872,-1,10,10,0.038,1.0,200,0.1,20,0,3,True,1000,1.0,210.0,1.2722855806350708,0.5609999895095825,1.8563393354415894,0.5460000038146973,1.8587900400161743,0.13073955476284027,1.0,1.6643928289413452,0.5299999713897705
4a6e0af7,Planetoid-i|planetoid-i:train,2020-04-16 17:59:12,0:00:27,completed,data-seed=5687 epochs=1000 net-seed=8964 verbose=0,,5687,cora,50,1000,0.1,0.001,I,0,8964,-1,10,10,0.038,1.0,200,0.1,20,0,3,True,1000,1.0,319.0,0.6749287247657776,0.5889999866485596,1.7817842960357666,0.5419999957084656,1.783133864402771,0.13180142641067505,1.0,1.66422700881958,0.5360000133514404
1d4452c9,Planetoid-i|planetoid-i:train,2020-04-16 17:58:43,0:00:26,completed,data-seed=5687 epochs=1000 net-seed=5688 verbose=0,,5687,cora,50,1000,0.1,0.001,I,0,5688,-1,10,10,0.038,1.0,200,0.1,20,0,3,True,1000,0.9928571581840515,167.0,1.7708585262298584,0.5759999752044678,1.885326862335205,0.5580000281333923,1.8834503889083862,0.12696604430675507,1.0,1.6663340330123901,0.5299999713897705
2a6d9609,Planetoid-i|planetoid-i:train,2020-04-16 17:58:08,0:00:33,completed,data-seed=5687 epochs=1000 net-seed=6608 verbose=0,,5687,cora,50,1000,0.1,0.001,I,0,6608,-1,10,10,0.038,1.0,200,0.1,20,0,3,True,1000,1.0,227.0,1.162551999092102,0.5809999704360962,1.8448601961135864,0.5600000023841858,1.8489288091659546,0.12862321734428406,1.0,1.6618168354034424,0.5460000038146973
65d08449,Planetoid-i|planetoid-i:train,2020-04-16 17:57:38,0:00:27,completed,data-seed=5687 epochs=1000 net-seed=9399 verbose=0,,5687,cora,50,1000,0.1,0.001,I,0,9399,-1,10,10,0.038,1.0,200,0.1,20,0,3,True,1000,0.9928571581840515,158.0,1.7962043285369873,0.5709999799728394,1.8907440900802612,0.5680000185966492,1.8900806903839111,0.12835457921028137,1.0,1.6596529483795166,0.5339999794960022
fdfe3d0c,Planetoid-i|planetoid-i:train,2020-04-16 17:57:09,0:00:26,completed,data-seed=5687 epochs=1000 net-seed=4975 verbose=0,,5687,cora,50,1000,0.1,0.001,I,0,4975,-1,10,10,0.038,1.0,200,0.1,20,0,3,True,1000,1.0,703.0,0.19892854988574982,0.5809999704360962,1.6841237545013428,0.5360000133514404,1.6947873830795288,0.1280311942100525,1.0,1.6732653379440308,0.5360000133514404
b8c25259,Planetoid-i|planetoid-i:train,2020-04-16 17:56:40,0:00:27,completed,data-seed=5687 epochs=1000 net-seed=551 verbose=0,,5687,cora,50,1000,0.1,0.001,I,0,551,-1,10,10,0.038,1.0,200,0.1,20,0,3,True,1000,1.0,246.0,0.9524397850036621,0.5799999833106995,1.8201956748962402,0.5400000214576721,1.8226311206817627,0.13048134744167328,1.0,1.6640677452087402,0.5339999794960022
319ad207,Planetoid-i|planetoid-i:train,2020-04-16 17:56:10,0:00:27,completed,data-seed=5687 epochs=1000 net-seed=1353 verbose=0,,5687,cora,50,1000,0.1,0.001,I,0,1353,-1,10,10,0.038,1.0,200,0.1,20,0,3,True,1000,0.9928571581840515,162.0,1.8686211109161377,0.5619999766349792,1.8918216228485107,0.5540000200271606,1.8941620588302612,0.12948177754878998,1.0,1.6631380319595337,0.5360000133514404
e278274d,Planetoid-i|planetoid-i:train,2020-04-16 17:55:41,0:00:26,completed,data-seed=5687 epochs=1000 net-seed=9516 verbose=0,,5687,cora,50,1000,0.1,0.001,I,0,9516,-1,10,10,0.038,1.0,200,0.1,20,0,3,True,1000,1.0,633.0,0.22770358622074127,0.5820000171661377,1.6846946477890015,0.5440000295639038,1.6947921514511108,0.12922777235507965,1.0,1.665197730064392,0.5400000214576721
6201aec5,Planetoid-i|planetoid-i:train,2020-04-16 17:55:04,0:00:34,completed,data-seed=5687 dataset=citeseer epochs=1000 net-seed=6473 verbose=0,,5687,citeseer,50,1000,0.1,0.001,I,0,6473,-1,10,10,0.038,1.0,200,0.1,20,0,3,True,1000,1.0,151.0,1.023758053779602,0.5899999737739563,1.7168160676956177,0.5540000200271606,1.7234392166137695,0.0645967349410057,1.0,1.5393037796020508,0.550000011920929
a07259e0,Planetoid-i|planetoid-i:train,2020-04-16 17:54:33,0:00:28,completed,data-seed=5687 dataset=citeseer epochs=1000 net-seed=872 verbose=0,,5687,citeseer,50,1000,0.1,0.001,I,0,872,-1,10,10,0.038,1.0,200,0.1,20,0,3,True,1000,1.0,139.0,1.059766411781311,0.5759999752044678,1.720094084739685,0.5759999752044678,1.724771499633789,0.06342438608407974,1.0,1.5390336513519287,0.5619999766349792
69c4a812,Planetoid-i|planetoid-i:train,2020-04-16 17:54:00,0:00:30,completed,data-seed=5687 dataset=citeseer epochs=1000 net-seed=8964 verbose=0,,5687,citeseer,50,1000,0.1,0.001,I,0,8964,-1,10,10,0.038,1.0,200,0.1,20,0,3,True,1000,0.9916666746139526,127.0,1.7033464908599854,0.5649999976158142,1.7523962259292603,0.578000009059906,1.753696322441101,0.0658818706870079,1.0,1.5409305095672607,0.5600000023841858
426fe1fc,Planetoid-i|planetoid-i:train,2020-04-16 17:53:28,0:00:30,completed,data-seed=5687 dataset=citeseer epochs=1000 net-seed=5688 verbose=0,,5687,citeseer,50,1000,0.1,0.001,I,0,5688,-1,10,10,0.038,1.0,200,0.1,20,0,3,True,1000,1.0,133.0,1.1894328594207764,0.5699999928474426,1.726436734199524,0.578000009059906,1.7304879426956177,0.0636017695069313,1.0,1.5428053140640259,0.5559999942779541
3fe4c19e,Planetoid-i|planetoid-i:train,2020-04-16 17:52:58,0:00:27,completed,data-seed=5687 dataset=citeseer epochs=1000 net-seed=6608 verbose=0,,5687,citeseer,50,1000,0.1,0.001,I,0,6608,-1,10,10,0.038,1.0,200,0.1,20,0,3,True,1000,1.0,169.0,0.7885926961898804,0.5860000252723694,1.698948860168457,0.5720000267028809,1.7060205936431885,0.06372397392988205,1.0,1.5397231578826904,0.5640000104904175
835c17b5,Planetoid-i|planetoid-i:train,2020-04-16 17:52:21,0:00:34,completed,data-seed=5687 dataset=citeseer epochs=1000 net-seed=9399 verbose=0,,5687,citeseer,50,1000,0.1,0.001,I,0,9399,-1,10,10,0.038,1.0,200,0.1,20,0,3,True,1000,1.0,219.0,0.5984496474266052,0.5860000252723694,1.677320122718811,0.578000009059906,1.6846822500228882,0.06469768285751343,1.0,1.5374321937561035,0.5640000104904175
a5c53b68,Planetoid-i|planetoid-i:train,2020-04-16 17:51:48,0:00:30,completed,data-seed=5687 dataset=citeseer epochs=1000 net-seed=4975 verbose=0,,5687,citeseer,50,1000,0.1,0.001,I,0,4975,-1,10,10,0.038,1.0,200,0.1,20,0,3,True,1000,1.0,371.0,0.22422944009304047,0.5839999914169312,1.591623067855835,0.5740000009536743,1.6054267883300781,0.06448809057474136,1.0,1.5339463949203491,0.5720000267028809
bb657975,Planetoid-i|planetoid-i:train,2020-04-16 17:51:16,0:00:30,completed,data-seed=5687 dataset=citeseer epochs=1000 net-seed=551 verbose=0,,5687,citeseer,50,1000,0.1,0.001,I,0,551,-1,10,10,0.038,1.0,200,0.1,20,0,3,True,1000,1.0,147.0,0.9946429133415222,0.5870000123977661,1.7146832942962646,0.5619999766349792,1.7206847667694092,0.0636163055896759,1.0,1.540899395942688,0.5619999766349792
acd81269,Planetoid-i|planetoid-i:train,2020-04-16 17:50:43,0:00:30,completed,data-seed=5687 dataset=citeseer epochs=1000 net-seed=1353 verbose=0,,5687,citeseer,50,1000,0.1,0.001,I,0,1353,-1,10,10,0.038,1.0,200,0.1,20,0,3,True,1000,1.0,232.0,0.5123809576034546,0.597000002861023,1.6597270965576172,0.5820000171661377,1.6694697141647339,0.06535255163908005,1.0,1.5378625392913818,0.5659999847412109
74561aa6,Planetoid-i|planetoid-i:train,2020-04-16 17:50:12,0:00:28,completed,data-seed=5687 dataset=citeseer epochs=1000 net-seed=9516 verbose=0,,5687,citeseer,50,1000,0.1,0.001,I,0,9516,-1,10,10,0.038,1.0,200,0.1,20,0,3,True,1000,1.0,132.0,1.3699686527252197,0.5789999961853027,1.7438414096832275,0.5799999833106995,1.7470216751098633,0.06365547329187393,1.0,1.5410209894180298,0.5659999847412109
4955635a,Planetoid-i|planetoid-i:train,2020-04-16 17:49:40,0:00:27,completed,data-seed=6473 dataset=pubmed epochs=1000 net-seed=5687 verbose=0,,6473,pubmed,50,1000,0.1,0.001,I,0,5687,-1,10,10,0.038,1.0,200,0.1,20,0,3,True,1000,1.0,748.0,1.0962893962860107,0.734000027179718,0.8759087920188904,0.7300000190734863,0.8795492053031921,0.9218484163284302,1.0,0.8511747121810913,0.7279999852180481
b75a966f,Planetoid-i|planetoid-i:train,2020-04-16 17:49:08,0:00:29,completed,data-seed=6473 epochs=1000 net-seed=5687 verbose=0,,6473,cora,50,1000,0.1,0.001,I,0,5687,-1,10,10,0.038,1.0,200,0.1,20,0,3,True,1000,1.0,334.0,0.5645293593406677,0.5759999752044678,1.7612744569778442,0.5519999861717224,1.764503002166748,0.129428893327713,1.0,1.664282202720642,0.550000011920929
e0d8fe1a,Planetoid-i|planetoid-i:train,2020-04-16 17:48:34,0:00:31,completed,data-seed=6473 dataset=citeseer epochs=1000 net-seed=5687 verbose=0,,6473,citeseer,50,1000,0.1,0.001,I,0,5687,-1,10,10,0.038,1.0,200,0.1,20,0,3,True,1000,1.0,157.0,0.9422644972801208,0.574999988079071,1.712871789932251,0.5479999780654907,1.7214409112930298,0.06332352757453918,1.0,1.5477968454360962,0.5460000038146973
b06d9d2d,Planetoid-i|planetoid-i:train,2020-04-16 17:48:07,0:00:24,completed,data-seed=872 dataset=pubmed epochs=1000 net-seed=5687 verbose=0,,872,pubmed,50,1000,0.1,0.001,I,0,5687,-1,10,10,0.038,1.0,200,0.1,20,0,3,True,1000,1.0,750.0,1.0940184593200684,0.7350000143051147,0.8754964470863342,0.7300000190734863,0.8791772127151489,0.9218475818634033,1.0,0.8511808514595032,0.7279999852180481
b803cde7,Planetoid-i|planetoid-i:train,2020-04-16 17:47:36,0:00:28,completed,data-seed=872 epochs=1000 net-seed=5687 verbose=0,,872,cora,50,1000,0.1,0.001,I,0,5687,-1,10,10,0.038,1.0,200,0.1,20,0,3,True,1000,1.0,315.0,0.6202251315116882,0.5759999752044678,1.7707805633544922,0.5519999861717224,1.773771047592163,0.12944552302360535,1.0,1.6642236709594727,0.550000011920929
41a00d30,Planetoid-i|planetoid-i:train,2020-04-16 17:47:04,0:00:29,completed,data-seed=872 dataset=citeseer epochs=1000 net-seed=5687 verbose=0,,872,citeseer,50,1000,0.1,0.001,I,0,5687,-1,10,10,0.038,1.0,200,0.1,20,0,3,True,1000,1.0,160.0,0.910398542881012,0.5759999752044678,1.7100962400436401,0.5479999780654907,1.7189857959747314,0.06333322077989578,1.0,1.5476765632629395,0.5460000038146973
7bde76d0,Planetoid-i|planetoid-i:train,2020-04-16 17:46:31,0:00:30,completed,data-seed=8964 dataset=pubmed epochs=1000 net-seed=5687 verbose=0,,8964,pubmed,50,1000,0.1,0.001,I,0,5687,-1,10,10,0.038,1.0,200,0.1,20,0,3,True,1000,1.0,750.0,1.0939393043518066,0.7350000143051147,0.8754711747169495,0.7300000190734863,0.8791652917861938,0.9218375086784363,1.0,0.8511889576911926,0.7279999852180481
38820537,Planetoid-i|planetoid-i:train,2020-04-16 17:46:02,0:00:27,completed,data-seed=8964 epochs=1000 net-seed=5687 verbose=0,,8964,cora,50,1000,0.1,0.001,I,0,5687,-1,10,10,0.038,1.0,200,0.1,20,0,3,True,1000,1.0,317.0,0.6138759851455688,0.574999988079071,1.7697302103042603,0.5519999861717224,1.7727527618408203,0.12943397462368011,1.0,1.664331316947937,0.5479999780654907
ee149f73,Planetoid-i|planetoid-i:train,2020-04-16 17:45:31,0:00:28,completed,data-seed=8964 dataset=citeseer epochs=1000 net-seed=5687 verbose=0,,8964,citeseer,50,1000,0.1,0.001,I,0,5687,-1,10,10,0.038,1.0,200,0.1,20,0,3,True,1000,1.0,157.0,0.9418985843658447,0.574999988079071,1.7128159999847412,0.5479999780654907,1.7213867902755737,0.06332745403051376,1.0,1.547550916671753,0.5460000038146973
200545c5,Planetoid-i|planetoid-i:train,2020-04-16 17:45:03,0:00:24,completed,data-seed=5688 dataset=pubmed epochs=1000 net-seed=5687 verbose=0,,5688,pubmed,50,1000,0.1,0.001,I,0,5687,-1,10,10,0.038,1.0,200,0.1,20,0,3,True,1000,1.0,749.0,1.0951173305511475,0.7350000143051147,0.8757033944129944,0.7300000190734863,0.879366934299469,0.9218322038650513,1.0,0.8511951565742493,0.7279999852180481
c2fdaa50,Planetoid-i|planetoid-i:train,2020-04-16 17:44:33,0:00:27,completed,data-seed=5688 epochs=1000 net-seed=5687 verbose=0,,5688,cora,50,1000,0.1,0.001,I,0,5687,-1,10,10,0.038,1.0,200,0.1,20,0,3,True,1000,1.0,177.0,1.5807321071624756,0.5720000267028809,1.8720791339874268,0.550000011920929,1.8730279207229614,0.12944342195987701,1.0,1.664321780204773,0.5479999780654907
44be329a,Planetoid-i|planetoid-i:train,2020-04-16 17:44:00,0:00:30,completed,data-seed=5688 dataset=citeseer epochs=1000 net-seed=5687 verbose=0,,5688,citeseer,50,1000,0.1,0.001,I,0,5687,-1,10,10,0.038,1.0,200,0.1,20,0,3,True,1000,1.0,158.0,0.9312320947647095,0.5759999752044678,1.7119306325912476,0.550000011920929,1.7205933332443237,0.06335170567035675,1.0,1.547778606414795,0.5460000038146973
0d15323a,Planetoid-i|planetoid-i:train,2020-04-16 17:43:27,0:00:30,completed,data-seed=6608 dataset=pubmed epochs=1000 net-seed=5687 verbose=0,,6608,pubmed,50,1000,0.1,0.001,I,0,5687,-1,10,10,0.038,1.0,200,0.1,20,0,3,True,1000,1.0,746.0,1.0985548496246338,0.7319999933242798,0.8763350248336792,0.7300000190734863,0.8799208998680115,0.9218369126319885,1.0,0.8511632084846497,0.7279999852180481
e316f84f,Planetoid-i|planetoid-i:train,2020-04-16 17:42:59,0:00:26,completed,data-seed=6608 epochs=1000 net-seed=5687 verbose=0,,6608,cora,50,1000,0.1,0.001,I,0,5687,-1,10,10,0.038,1.0,200,0.1,20,0,3,True,1000,1.0,177.0,1.580962061882019,0.5730000138282776,1.8720991611480713,0.550000011920929,1.8730345964431763,0.12945468723773956,1.0,1.6642488241195679,0.550000011920929
6ef9866a,Planetoid-i|planetoid-i:train,2020-04-16 17:42:26,0:00:29,completed,data-seed=6608 dataset=citeseer epochs=1000 net-seed=5687 verbose=0,,6608,citeseer,50,1000,0.1,0.001,I,0,5687,-1,10,10,0.038,1.0,200,0.1,20,0,3,True,1000,1.0,159.0,0.9208670854568481,0.574999988079071,1.7110121250152588,0.5479999780654907,1.7197917699813843,0.0633384957909584,1.0,1.5477849245071411,0.5460000038146973
18101ddb,Planetoid-i|planetoid-i:train,2020-04-16 17:41:58,0:00:26,completed,data-seed=9399 dataset=pubmed epochs=1000 net-seed=5687 verbose=0,,9399,pubmed,50,1000,0.1,0.001,I,0,5687,-1,10,10,0.038,1.0,200,0.1,20,0,3,True,1000,1.0,777.0,1.0653746128082275,0.7329999804496765,0.8700590133666992,0.7300000190734863,0.8742917776107788,0.921830415725708,1.0,0.8511767983436584,0.7279999852180481
8fe9eda3,Planetoid-i|planetoid-i:train,2020-04-16 17:41:29,0:00:26,completed,data-seed=9399 epochs=1000 net-seed=5687 verbose=0,,9399,cora,50,1000,0.1,0.001,I,0,5687,-1,10,10,0.038,1.0,200,0.1,20,0,3,True,1000,1.0,314.0,0.6234027743339539,0.574999988079071,1.771306037902832,0.5519999861717224,1.7742887735366821,0.1294211745262146,1.0,1.6642212867736816,0.550000011920929
7bbc2120,Planetoid-i|planetoid-i:train,2020-04-16 17:40:52,0:00:34,completed,data-seed=9399 dataset=citeseer epochs=1000 net-seed=5687 verbose=0,,9399,citeseer,50,1000,0.1,0.001,I,0,5687,-1,10,10,0.038,1.0,200,0.1,20,0,3,True,1000,1.0,160.0,0.9107820987701416,0.5759999752044678,1.7101223468780518,0.5479999780654907,1.7190032005310059,0.0633278638124466,1.0,1.5477867126464844,0.5460000038146973
fa871fc9,Planetoid-i|planetoid-i:train,2020-04-16 17:40:23,0:00:26,completed,data-seed=4975 dataset=pubmed epochs=1000 net-seed=5687 verbose=0,,4975,pubmed,50,1000,0.1,0.001,I,0,5687,-1,10,10,0.038,1.0,200,0.1,20,0,3,True,1000,1.0,746.0,1.0984916687011719,0.7329999804496765,0.8763144016265869,0.7300000190734863,0.8799001574516296,0.9218260049819946,1.0,0.8511679172515869,0.7279999852180481
fbf2d603,Planetoid-i|planetoid-i:train,2020-04-16 17:39:53,0:00:27,completed,data-seed=4975 epochs=1000 net-seed=5687 verbose=0,,4975,cora,50,1000,0.1,0.001,I,0,5687,-1,10,10,0.038,1.0,200,0.1,20,0,3,True,1000,1.0,443.0,0.36854949593544006,0.5820000171661377,1.7215392589569092,0.5519999861717224,1.7262123823165894,0.12941956520080566,1.0,1.6643551588058472,0.5479999780654907
81dbcb8d,Planetoid-i|planetoid-i:train,2020-04-16 17:39:21,0:00:29,completed,data-seed=4975 dataset=citeseer epochs=1000 net-seed=5687 verbose=0,,4975,citeseer,50,1000,0.1,0.001,I,0,5687,-1,10,10,0.038,1.0,200,0.1,20,0,3,True,1000,1.0,158.0,0.9316670894622803,0.5759999752044678,1.711972713470459,0.550000011920929,1.7206355333328247,0.06336886435747147,1.0,1.5479295253753662,0.5460000038146973
65260368,Planetoid-i|planetoid-i:train,2020-04-16 17:38:52,0:00:26,completed,data-seed=551 dataset=pubmed epochs=1000 net-seed=5687 verbose=0,,551,pubmed,50,1000,0.1,0.001,I,0,5687,-1,10,10,0.038,1.0,200,0.1,20,0,3,True,1000,1.0,777.0,1.0654648542404175,0.7319999933242798,0.8700652718544006,0.7300000190734863,0.8742912411689758,0.9218628406524658,1.0,0.8511855602264404,0.7279999852180481
5e6d0d3c,Planetoid-i|planetoid-i:train,2020-04-16 17:38:25,0:00:24,completed,data-seed=551 epochs=1000 net-seed=5687 verbose=0,,551,cora,50,1000,0.1,0.001,I,0,5687,-1,10,10,0.038,1.0,200,0.1,20,0,3,True,1000,1.0,314.0,0.6234515905380249,0.5759999752044678,1.7713432312011719,0.5519999861717224,1.7743303775787354,0.1294683814048767,1.0,1.6644103527069092,0.5479999780654907
7dbd9f8f,Planetoid-i|planetoid-i:train,2020-04-16 17:37:49,0:00:34,completed,data-seed=551 dataset=citeseer epochs=1000 net-seed=5687 verbose=0,,551,citeseer,50,1000,0.1,0.001,I,0,5687,-1,10,10,0.038,1.0,200,0.1,20,0,3,True,1000,1.0,160.0,0.9105837941169739,0.5759999752044678,1.7101171016693115,0.5479999780654907,1.7190076112747192,0.06336037814617157,1.0,1.5479271411895752,0.5460000038146973
0c937b41,Planetoid-i|planetoid-i:train,2020-04-16 17:37:22,0:00:24,completed,data-seed=1353 dataset=pubmed epochs=1000 net-seed=5687 verbose=0,,1353,pubmed,50,1000,0.1,0.001,I,0,5687,-1,10,10,0.038,1.0,200,0.1,20,0,3,True,1000,1.0,746.0,1.098630666732788,0.7319999933242798,0.8763586282730103,0.7300000190734863,0.8799228072166443,0.9218562841415405,1.0,0.8511635661125183,0.7279999852180481
5567f0e7,Planetoid-i|planetoid-i:train,2020-04-16 17:36:52,0:00:27,completed,data-seed=1353 epochs=1000 net-seed=5687 verbose=0,,1353,cora,50,1000,0.1,0.001,I,0,5687,-1,10,10,0.038,1.0,200,0.1,20,0,3,True,1000,1.0,177.0,1.5810387134552002,0.5720000267028809,1.8721147775650024,0.550000011920929,1.8730548620224,0.1294456422328949,1.0,1.664435625076294,0.550000011920929
1c1dfdb4,Planetoid-i|planetoid-i:train,2020-04-16 17:36:19,0:00:30,completed,data-seed=1353 dataset=citeseer epochs=1000 net-seed=5687 verbose=0,,1353,citeseer,50,1000,0.1,0.001,I,0,5687,-1,10,10,0.038,1.0,200,0.1,20,0,3,True,1000,1.0,157.0,0.9421476125717163,0.574999988079071,1.7128721475601196,0.5479999780654907,1.7214378118515015,0.06333247572183609,1.0,1.547805666923523,0.5460000038146973
7a7cd71d,Planetoid-i|planetoid-i:train,2020-04-16 17:35:51,0:00:25,completed,data-seed=9516 dataset=pubmed epochs=1000 net-seed=5687 verbose=0,,9516,pubmed,50,1000,0.1,0.001,I,0,5687,-1,10,10,0.038,1.0,200,0.1,20,0,3,True,1000,1.0,778.0,1.0644583702087402,0.7319999933242798,0.8698693513870239,0.7300000190734863,0.8741198778152466,0.9218473434448242,1.0,0.8511828184127808,0.7279999852180481
e9385e3f,Planetoid-i|planetoid-i:train,2020-04-16 17:35:23,0:00:25,completed,data-seed=9516 epochs=1000 net-seed=5687 verbose=0,,9516,cora,50,1000,0.1,0.001,I,0,5687,-1,10,10,0.038,1.0,200,0.1,20,0,3,True,1000,1.0,159.0,1.8304442167282104,0.5699999928474426,1.8873863220214844,0.550000011920929,1.8879798650741577,0.12943288683891296,1.0,1.6643506288528442,0.5479999780654907
e1bf0d7f,Planetoid-i|planetoid-i:train,2020-04-16 17:34:46,0:00:34,completed,data-seed=9516 dataset=citeseer epochs=1000 net-seed=5687 verbose=0,,9516,citeseer,50,1000,0.1,0.001,I,0,5687,-1,10,10,0.038,1.0,200,0.1,20,0,3,True,1000,1.0,159.0,0.9210439920425415,0.5759999752044678,1.7110575437545776,0.5479999780654907,1.7198339700698853,0.06335907429456711,1.0,1.5479371547698975,0.5460000038146973
cf603bd2,Planetoid-i|planetoid-i:evaluate10,2020-04-16 17:34:41,0:30:38,completed,,,,,,,,,,,,,,,,,,,,,,,1000,1.0,746.0,1.098630666732788,0.7319999933242798,0.8763586282730103,0.7300000190734863,0.8799228072166443,0.9218562841415405,1.0,0.8511635661125183,0.7279999852180481
d239144d,Planetoid-i|planetoid-i:train,,,pending,,,9516,pubmed,50,1000,0.1,0.001,I,0,5687,-1,10,10,0.038,1.0,200,0.1,20,0,3,True,,,,,,,,,,,,
7b4b6c9b,Planetoid-i|planetoid-i:train,2020-04-16 17:33:38,0:00:03,error,data-seed=9516 epochs=1000 net-seed=5687 verbose=0,,9516,cora,50,1000,0.1,0.001,I,0,5687,-1,10,10,0.038,1.0,200,0.1,20,0,3,True,,,,,,,,,,,,
76a67593,Planetoid-i|planetoid-i:train,2020-04-16 17:33:33,0:00:03,error,data-seed=9516 dataset=citeseer epochs=1000 net-seed=5687 verbose=0,,9516,citeseer,50,1000,0.1,0.001,I,0,5687,-1,10,10,0.038,1.0,200,0.1,20,0,3,True,,,,,,,,,,,,
4842d2d6,Planetoid-i|planetoid-i:evaluate10,2020-04-16 17:33:28,0:00:16,terminated,,,,,,,,,,,,,,,,,,,,,,,,,,,,,,,,,,
7ab5243b,Planetoid-i|planetoid-i:train,2020-04-15 17:15:47,22:14:37,terminated,epochs=5000000,,0,cora,50,5000000,0.1,0.001,I,0,0,-1,10400,10,0.038,1.0,200,0.1,20,1,3,True,2994004,0.9857142567634583,2210.0,0.0,,,0.5839999914169312,0.0,0.0,1.0,0.0,0.5440000295639038
4853e14c,Planetoid-i|planetoid-i:train,2020-04-15 10:26:53,3:34:16,completed,dataset=pubmed epochs=500000,,0,pubmed,50,500000,0.1,0.001,I,0,0,-1,10400,10,0.038,1.0,200,0.1,20,1,3,True,500000,1.0,7027.0,0.0,0.7360000014305115,0.0,0.7300000190734863,0.0,0.0,1.0,0.0,0.6859999895095825
e063db82,Planetoid-i|planetoid-i:train,2020-04-15 07:45:54,0:31:39,completed,epochs=50000,,0,cora,50,50000,0.1,0.001,I,0,0,-1,10400,10,0.038,1.0,200,0.1,20,1,3,True,50000,0.9857142567634583,2212.0,0.0,0.5879999995231628,0.0,0.5839999914169312,0.0,0.0,1.0,0.0,0.5759999752044678
9e7d0140,Planetoid-i|planetoid-i:train,2020-04-15 00:59:03,0:44:50,completed,dataset=citeseer epochs=50000,,0,citeseer,50,50000,0.1,0.001,I,0,0,-1,10400,10,0.038,1.0,200,0.1,20,1,3,True,50000,1.0,1451.0,0.0,0.6169999837875366,0.0,0.6019999980926514,0.0,0.0,1.0,0.0,0.5860000252723694
23345fac,Planetoid-i|planetoid-i:train,2020-04-15 00:57:38,0:51:26,completed,dataset=pubmed epochs=50000,,0,pubmed,50,50000,0.1,0.001,I,0,0,-1,10400,10,0.038,1.0,200,0.1,20,1,3,True,50000,1.0,7027.0,0.0,0.7360000014305115,0.0,0.7300000190734863,0.0,0.0,1.0,0.0,0.6800000071525574
dc754d39,Planetoid-i|planetoid-i:train,2020-04-14 20:17:56,2:31:40,completed,dataset=pubmed epochs=300000 yang-splits=yes,,0,pubmed,50,300000,0.1,0.001,I,0,0,-1,10400,10,0.038,1.0,200,0.1,20,1,3,True,300000,0.0,247671.0,0.0,0.6919999718666077,0.0,0.6808298230171204,0.0,0.0,0.0,0.0,0.6804467439651489
d5022fb6,Planetoid-i|planetoid-i:train,2020-04-14 19:10:17,0:46:11,completed,dataset=pubmed epochs=100000 yang-splits=yes,,0,pubmed,50,100000,0.1,0.001,I,0,0,-1,10400,10,0.038,1.0,200,0.1,20,1,3,True,100000,0.0,100000.0,0.0,0.6899999976158142,0.0,0.6734436750411987,0.0,0.0,0.0,0.0,0.6734436750411987
4b7281a2,Planetoid-i|planetoid-i:train,2020-04-14 18:41:13,0:28:12,completed,dataset=pubmed epochs=50000 yang-splits=yes,,0,pubmed,50,50000,0.1,0.001,I,0,0,-1,10400,10,0.038,1.0,200,0.1,20,1,3,True,50000,0.0,50000.0,0.0,0.6940000057220459,0.0,0.6662212610244751,0.0,0.0,0.0,0.0,0.6662212610244751
6b38692e,Planetoid-i|planetoid-i:train,2020-04-14 18:40:50,0:22:25,completed,dataset=citeseer epochs=50000 yang-splits=yes,,0,citeseer,50,50000,0.1,0.001,I,0,0,-1,10400,10,0.038,1.0,200,0.1,20,1,3,True,50000,0.0,24479.0,0.0,0.5950000286102295,0.0,0.5869800448417664,0.0,0.0,0.0,0.0,0.5847590565681458
4be7fc0a,Planetoid-i|planetoid-i:train,2020-04-14 18:06:44,0:27:26,completed,dataset=pubmed epochs=50000 yang-splits=yes,,0,pubmed,50,50000,0.1,0.001,I,0,0,-1,10400,10,0.038,1.0,200,0.1,20,1,3,True,50000,0.0,50000.0,0.0,0.6589999794960022,0.0,0.6266703009605408,0.0,0.0,0.0,0.0,0.6266703009605408
c8ca2e34,Planetoid-i|planetoid-i:train,2020-04-14 18:06:30,0:19:39,completed,epochs=50000 yang-splits=yes,,0,cora,50,50000,0.1,0.001,I,0,0,-1,10400,10,0.038,1.0,200,0.1,20,1,3,True,50000,0.0,11359.0,0.0,0.5979999899864197,0.0,0.5814952254295349,0.0,0.0,0.0,0.0,0.5805895328521729
51e6f996,Planetoid-i|planetoid-i:train,2020-04-14 18:05:08,0:00:36,terminated,dataset=pubmed epochs=20000 yang-splits=yes,,0,pubmed,50,20000,0.1,0.001,I,0,0,-1,10400,10,0.038,1.0,200,0.1,20,1,3,True,,,,,,,,,,,,
