run,operation,started,time,status,label,checkpoint-path,data-seed,dataset,dropout-rate,epochs,hidden-units,l2-weight,learning-rate,net-seed,patience,verbose,step,bw_accuracy,bw_loss,bw_test_accuracy,bw_test_loss,bw_val_accuracy,bw_val_loss,epoch_loss,epoch_masked_accuracy
87ecd86e,GCN|gcn:train,2020-04-11 22:25:26,0:00:23,completed,data-seed=5687 dataset=pubmed net-seed=5154 verbose=0,,5687,pubmed,0.5,400,16,0.0005,0.01,5154,20,0,1,1.0,0.32092440128326416,0.7680000066757202,0.7588440775871277,0.7839999794960022,0.7678670287132263,0.3895379900932312,0.9333333373069763
41bc3ad7,GCN|gcn:train,2020-04-11 22:24:53,0:00:29,completed,data-seed=5687 dataset=pubmed net-seed=4848 verbose=0,,5687,pubmed,0.5,400,16,0.0005,0.01,4848,20,0,1,1.0,0.3484690189361572,0.7639999985694885,0.7618017792701721,0.7799999713897705,0.7645272016525269,0.3978990912437439,0.949999988079071
74619d8a,GCN|gcn:train,2020-04-11 22:24:19,0:00:30,completed,data-seed=5687 dataset=pubmed net-seed=7075 verbose=0,,5687,pubmed,0.5,400,16,0.0005,0.01,7075,20,0,1,0.9833333492279053,0.3343930244445801,0.7649999856948853,0.7820725440979004,0.7799999713897705,0.7840949892997742,0.38587331771850586,0.9666666388511658
24f38bab,GCN|gcn:train,2020-04-11 22:23:42,0:00:32,completed,data-seed=5687 dataset=pubmed net-seed=9099 verbose=0,,5687,pubmed,0.5,400,16,0.0005,0.01,9099,20,0,1,1.0,0.3179186284542084,0.7620000243186951,0.7694526314735413,0.7860000133514404,0.7691671252250671,0.39286142587661743,0.9333333373069763
9d5e89a3,GCN|gcn:train,2020-04-11 22:23:16,0:00:24,completed,data-seed=5687 dataset=pubmed net-seed=2107 verbose=0,,5687,pubmed,0.5,400,16,0.0005,0.01,2107,20,0,1,1.0,0.354155033826828,0.7699999809265137,0.7647589445114136,0.7799999713897705,0.7757340669631958,0.4263390302658081,0.9666666388511658
7f810459,GCN|gcn:train,2020-04-11 22:22:37,0:00:34,completed,data-seed=5687 dataset=pubmed net-seed=8175 verbose=0,,5687,pubmed,0.5,400,16,0.0005,0.01,8175,20,0,1,1.0,0.3099386692047119,0.7680000066757202,0.7577121257781982,0.7860000133514404,0.7623113393783569,0.40882185101509094,0.9666666388511658
c7392cd4,GCN|gcn:train,2020-04-11 22:22:04,0:00:28,completed,data-seed=5687 dataset=pubmed net-seed=1356 verbose=0,,5687,pubmed,0.5,400,16,0.0005,0.01,1356,20,0,1,0.9666666388511658,0.34854769706726074,0.7680000066757202,0.7639039754867554,0.777999997138977,0.7609310150146484,0.4568042755126953,0.9166666865348816
a7174b1e,GCN|gcn:train,2020-04-11 22:21:31,0:00:29,completed,data-seed=5687 dataset=pubmed net-seed=828 verbose=0,,5687,pubmed,0.5,400,16,0.0005,0.01,828,20,0,1,0.9666666388511658,0.35352304577827454,0.7680000066757202,0.7626063227653503,0.777999997138977,0.7680700421333313,0.42769956588745117,0.9166666865348816
d4fb9b89,GCN|gcn:train,2020-04-11 22:20:56,0:00:31,completed,data-seed=5687 dataset=pubmed net-seed=5414 verbose=0,,5687,pubmed,0.5,400,16,0.0005,0.01,5414,20,0,1,0.9833333492279053,0.3069237470626831,0.765999972820282,0.7520877122879028,0.7760000228881836,0.7564207315444946,0.3119550347328186,0.9833333492279053
5aa79e91,GCN|gcn:train,2020-04-11 22:20:31,0:00:22,completed,data-seed=5687 dataset=pubmed net-seed=9493 verbose=0,,5687,pubmed,0.5,400,16,0.0005,0.01,9493,20,0,1,0.9833333492279053,0.3623625338077545,0.7689999938011169,0.7684128880500793,0.7760000228881836,0.7709169983863831,0.4481533169746399,0.8833333253860474
ee46fadb,GCN|gcn:train,2020-04-11 22:19:58,0:00:29,completed,data-seed=5687 dataset=pubmed net-seed=728 verbose=0,,5687,pubmed,0.5,400,16,0.0005,0.01,728,20,0,1,0.9833333492279053,0.3566135764122009,0.7649999856948853,0.7646113634109497,0.777999997138977,0.767799973487854,0.4382047653198242,0.949999988079071
dd5e7737,GCN|gcn:train,2020-04-11 22:19:19,0:00:34,completed,data-seed=5687 dataset=pubmed net-seed=7135 verbose=0,,5687,pubmed,0.5,400,16,0.0005,0.01,7135,20,0,1,1.0,0.3103179335594177,0.7689999938011169,0.746806263923645,0.777999997138977,0.7598879933357239,0.3943173587322235,0.9333333373069763
9e904e3e,GCN|gcn:train,2020-04-11 22:18:45,0:00:30,completed,data-seed=5687 dataset=pubmed net-seed=2674 verbose=0,,5687,pubmed,0.5,400,16,0.0005,0.01,2674,20,0,1,1.0,0.2936263680458069,0.7670000195503235,0.7526249885559082,0.7860000133514404,0.7528121471405029,0.3598601222038269,0.9666666388511658
9ba65302,GCN|gcn:train,2020-04-11 22:18:13,0:00:29,completed,data-seed=5687 dataset=pubmed net-seed=2616 verbose=0,,5687,pubmed,0.5,400,16,0.0005,0.01,2616,20,0,1,1.0,0.3368802070617676,0.7670000195503235,0.7712411284446716,0.7860000133514404,0.7691202163696289,0.39165955781936646,0.9833333492279053
ac82f3fe,GCN|gcn:train,2020-04-11 22:17:39,0:00:29,completed,data-seed=5687 dataset=pubmed net-seed=516 verbose=0,,5687,pubmed,0.5,400,16,0.0005,0.01,516,20,0,1,0.9833333492279053,0.3508142828941345,0.7689999938011169,0.7557035684585571,0.777999997138977,0.755932092666626,0.42093801498413086,0.9333333373069763
f5c81dfd,GCN|gcn:train,2020-04-11 22:17:08,0:00:27,completed,data-seed=5687 dataset=pubmed net-seed=8960 verbose=0,,5687,pubmed,0.5,400,16,0.0005,0.01,8960,20,0,1,0.9833333492279053,0.3583739995956421,0.7670000195503235,0.7669543027877808,0.777999997138977,0.7697266340255737,0.3931437134742737,0.9333333373069763
7b916324,GCN|gcn:train,2020-04-11 22:16:42,0:00:22,completed,data-seed=5687 dataset=pubmed net-seed=3603 verbose=0,,5687,pubmed,0.5,400,16,0.0005,0.01,3603,20,0,1,0.9666666388511658,0.41704821586608887,0.7630000114440918,0.77998286485672,0.7680000066757202,0.7854544520378113,0.4514088034629822,0.949999988079071
6c2e7c3e,GCN|gcn:train,2020-04-11 22:16:17,0:00:22,completed,data-seed=5687 dataset=pubmed net-seed=8089 verbose=0,,5687,pubmed,0.5,400,16,0.0005,0.01,8089,20,0,1,0.9666666388511658,0.35467204451560974,0.7649999856948853,0.7850049138069153,0.7839999794960022,0.7856879830360413,0.43910089135169983,0.8999999761581421
032cb79d,GCN|gcn:train,2020-04-11 22:15:45,0:00:27,completed,data-seed=5687 dataset=pubmed net-seed=7920 verbose=0,,5687,pubmed,0.5,400,16,0.0005,0.01,7920,20,0,1,0.9666666388511658,0.3592264652252197,0.7699999809265137,0.7714223861694336,0.7799999713897705,0.775344729423523,0.4409157931804657,0.9333333373069763
0ac6c666,GCN|gcn:train,2020-04-11 22:15:11,0:00:30,completed,data-seed=5687 dataset=pubmed net-seed=3747 verbose=0,,5687,pubmed,0.5,400,16,0.0005,0.01,3747,20,0,1,1.0,0.3303597569465637,0.7699999809265137,0.7617594003677368,0.7799999713897705,0.7737057209014893,0.36326533555984497,0.9666666388511658
4753fd7a,GCN|gcn:train,2020-04-11 22:14:42,0:00:25,completed,data-seed=5687 dataset=pubmed net-seed=6473 verbose=0,,5687,pubmed,0.5,400,16,0.0005,0.01,6473,20,0,1,0.9666666388511658,0.39189717173576355,0.7609999775886536,0.7880773544311523,0.7699999809265137,0.7822221517562866,0.38909125328063965,0.949999988079071
6da3bc94,GCN|gcn:train,2020-04-11 22:14:13,0:00:25,completed,data-seed=5687 dataset=pubmed net-seed=872 verbose=0,,5687,pubmed,0.5,400,16,0.0005,0.01,872,20,0,1,1.0,0.3207665681838989,0.7699999809265137,0.7579749226570129,0.7879999876022339,0.7594375014305115,0.42743736505508423,0.8999999761581421
14c46c0a,GCN|gcn:train,2020-04-11 22:13:39,0:00:31,completed,data-seed=5687 dataset=pubmed net-seed=8964 verbose=0,,5687,pubmed,0.5,400,16,0.0005,0.01,8964,20,0,1,1.0,0.34022998809814453,0.7710000276565552,0.7559356689453125,0.7839999794960022,0.7617411017417908,0.3850114047527313,0.9333333373069763
f1df38df,GCN|gcn:train,2020-04-11 22:13:00,0:00:35,completed,data-seed=5687 dataset=pubmed net-seed=5688 verbose=0,,5687,pubmed,0.5,400,16,0.0005,0.01,5688,20,0,1,1.0,0.30646705627441406,0.7699999809265137,0.7525622248649597,0.7839999794960022,0.7573955655097961,0.44375184178352356,0.9333333373069763
ff1f5146,GCN|gcn:train,2020-04-11 22:12:28,0:00:27,completed,data-seed=5687 dataset=pubmed net-seed=6608 verbose=0,,5687,pubmed,0.5,400,16,0.0005,0.01,6608,20,0,1,1.0,0.3619843125343323,0.7649999856948853,0.7691016793251038,0.7699999809265137,0.7659078240394592,0.4751794636249542,0.8666666746139526
96769d99,GCN|gcn:train,2020-04-11 22:11:59,0:00:25,completed,data-seed=5687 dataset=pubmed net-seed=9399 verbose=0,,5687,pubmed,0.5,400,16,0.0005,0.01,9399,20,0,1,0.9666666388511658,0.3910437226295471,0.7720000147819519,0.7655603885650635,0.7699999809265137,0.7723179459571838,0.4034084975719452,0.949999988079071
6acf22f7,GCN|gcn:train,2020-04-11 22:11:26,0:00:29,completed,data-seed=5687 dataset=pubmed net-seed=4975 verbose=0,,5687,pubmed,0.5,400,16,0.0005,0.01,4975,20,0,1,1.0,0.32262253761291504,0.7689999938011169,0.7537757158279419,0.7799999713897705,0.7704372406005859,0.365089476108551,1.0
aad94bb2,GCN|gcn:train,2020-04-11 22:10:52,0:00:30,completed,data-seed=5687 dataset=pubmed net-seed=551 verbose=0,,5687,pubmed,0.5,400,16,0.0005,0.01,551,20,0,1,0.9666666388511658,0.39637312293052673,0.7699999809265137,0.7874664664268494,0.7839999794960022,0.7914879322052002,0.39279109239578247,0.9833333492279053
6c04b711,GCN|gcn:train,2020-04-11 22:10:13,0:00:34,completed,data-seed=5687 dataset=pubmed net-seed=1353 verbose=0,,5687,pubmed,0.5,400,16,0.0005,0.01,1353,20,0,1,0.9833333492279053,0.35230326652526855,0.7699999809265137,0.7541587352752686,0.7760000228881836,0.7541273832321167,0.4135003387928009,0.9166666865348816
5896a951,GCN|gcn:train,2020-04-11 22:09:37,0:00:31,completed,data-seed=5687 dataset=pubmed net-seed=9516 verbose=0,,5687,pubmed,0.5,400,16,0.0005,0.01,9516,20,0,1,0.9833333492279053,0.3680717349052429,0.7680000066757202,0.7677478790283203,0.7760000228881836,0.7729354500770569,0.44996514916419983,0.949999988079071
47feb8b7,GCN|gcn:train,2020-04-11 22:09:10,0:00:23,completed,data-seed=5687 net-seed=5154 verbose=0,,5687,cora,0.5,400,16,0.0005,0.01,5154,20,0,1,0.9928571581840515,0.5733665823936462,0.8050000071525574,1.085376501083374,0.765999972820282,1.1675066947937012,0.7654415369033813,0.9357143044471741
58151b43,GCN|gcn:train,2020-04-11 22:08:38,0:00:28,completed,data-seed=5687 net-seed=4848 verbose=0,,5687,cora,0.5,400,16,0.0005,0.01,4848,20,0,1,0.9928571581840515,0.6106494665145874,0.8240000009536743,1.0853451490402222,0.7680000066757202,1.1694234609603882,0.837063193321228,0.8642857074737549
d36e63f4,GCN|gcn:train,2020-04-11 22:08:05,0:00:29,completed,data-seed=5687 net-seed=7075 verbose=0,,5687,cora,0.5,400,16,0.0005,0.01,7075,20,0,1,0.9928571581840515,0.5780884027481079,0.8240000009536743,1.0639207363128662,0.7699999809265137,1.1451876163482666,0.7799615263938904,0.8999999761581421
739a4178,GCN|gcn:train,2020-04-11 22:07:29,0:00:31,completed,data-seed=5687 net-seed=9099 verbose=0,,5687,cora,0.5,400,16,0.0005,0.01,9099,20,0,1,0.9928571581840515,0.6190215945243835,0.8240000009536743,1.0841206312179565,0.7760000228881836,1.1561288833618164,0.7656806111335754,0.949999988079071
cf9d41a6,GCN|gcn:train,2020-04-11 22:06:55,0:00:29,completed,data-seed=5687 net-seed=2107 verbose=0,,5687,cora,0.5,400,16,0.0005,0.01,2107,20,0,1,0.9928571581840515,0.5578110218048096,0.8220000267028809,1.051996111869812,0.7760000228881836,1.1292566061019897,0.7536741495132446,0.8857142925262451
321b8279,GCN|gcn:train,2020-04-11 22:06:18,0:00:32,completed,data-seed=5687 net-seed=8175 verbose=0,,5687,cora,0.5,400,16,0.0005,0.01,8175,20,0,1,0.9928571581840515,0.5810595750808716,0.8149999976158142,1.0772408246994019,0.7739999890327454,1.1541502475738525,0.7160032987594604,0.9214285612106323
9e82bb21,GCN|gcn:train,2020-04-11 22:05:55,0:00:19,completed,data-seed=5687 net-seed=1356 verbose=0,,5687,cora,0.5,400,16,0.0005,0.01,1356,20,0,1,0.9928571581840515,0.5780706405639648,0.8180000185966492,1.0770230293273926,0.765999972820282,1.1619205474853516,0.7892204523086548,0.9285714030265808
71ca9dd8,GCN|gcn:train,2020-04-11 22:05:20,0:00:31,completed,data-seed=5687 net-seed=828 verbose=0,,5687,cora,0.5,400,16,0.0005,0.01,828,20,0,1,0.9928571581840515,0.6335506439208984,0.8220000267028809,1.0977072715759277,0.7739999890327454,1.1650564670562744,0.8395719528198242,0.9142857193946838
74b0af8f,GCN|gcn:train,2020-04-11 22:04:45,0:00:30,completed,data-seed=5687 net-seed=5414 verbose=0,,5687,cora,0.5,400,16,0.0005,0.01,5414,20,0,1,0.9928571581840515,0.5756234526634216,0.8119999766349792,1.071198582649231,0.7599999904632568,1.1478744745254517,0.750037431716919,0.9285714030265808
153c9a50,GCN|gcn:train,2020-04-11 22:04:09,0:00:31,completed,data-seed=5687 net-seed=9493 verbose=0,,5687,cora,0.5,400,16,0.0005,0.01,9493,20,0,1,0.9928571581840515,0.6143672466278076,0.8159999847412109,1.0894901752471924,0.765999972820282,1.169959545135498,0.8323724269866943,0.9214285612106323
f88df84e,GCN|gcn:train,2020-04-11 22:03:37,0:00:27,completed,data-seed=5687 net-seed=728 verbose=0,,5687,cora,0.5,400,16,0.0005,0.01,728,20,0,1,0.9857142567634583,0.669022798538208,0.8299999833106995,1.1107089519500732,0.777999997138977,1.178952932357788,0.8485832214355469,0.8928571343421936
4def15ba,GCN|gcn:train,2020-04-11 22:03:03,0:00:29,completed,data-seed=5687 net-seed=7135 verbose=0,,5687,cora,0.5,400,16,0.0005,0.01,7135,20,0,1,0.9928571581840515,0.5706513524055481,0.8190000057220459,1.0594958066940308,0.7599999904632568,1.147898554801941,0.72586989402771,0.949999988079071
868af778,GCN|gcn:train,2020-04-11 22:02:36,0:00:23,completed,data-seed=5687 net-seed=2674 verbose=0,,5687,cora,0.5,400,16,0.0005,0.01,2674,20,0,1,0.9928571581840515,0.629909873008728,0.8230000138282776,1.0900421142578125,0.7739999890327454,1.1641656160354614,0.7511652708053589,0.9357143044471741
dcebf544,GCN|gcn:train,2020-04-11 22:02:06,0:00:26,completed,data-seed=5687 net-seed=2616 verbose=0,,5687,cora,0.5,400,16,0.0005,0.01,2616,20,0,1,0.9928571581840515,0.6037030220031738,0.8190000057220459,1.0792715549468994,0.7680000066757202,1.1618897914886475,0.7206548452377319,0.949999988079071
84ecc704,GCN|gcn:train,2020-04-11 22:01:29,0:00:33,completed,data-seed=5687 net-seed=516 verbose=0,,5687,cora,0.5,400,16,0.0005,0.01,516,20,0,1,0.9928571581840515,0.5829412937164307,0.8169999718666077,1.084701418876648,0.765999972820282,1.1690565347671509,0.741230845451355,0.9357143044471741
c74ad320,GCN|gcn:train,2020-04-11 22:00:56,0:00:28,completed,data-seed=5687 net-seed=8960 verbose=0,,5687,cora,0.5,400,16,0.0005,0.01,8960,20,0,1,0.9928571581840515,0.6364627480506897,0.8220000267028809,1.0929579734802246,0.7879999876022339,1.1588397026062012,0.8033590912818909,0.9214285612106323
374c3450,GCN|gcn:train,2020-04-11 22:00:25,0:00:26,completed,data-seed=5687 net-seed=3603 verbose=0,,5687,cora,0.5,400,16,0.0005,0.01,3603,20,0,1,0.9928571581840515,0.5702542066574097,0.8230000138282776,1.0516688823699951,0.765999972820282,1.1290826797485352,0.7070479989051819,0.949999988079071
bab6eeb8,GCN|gcn:train,2020-04-11 21:59:53,0:00:29,completed,data-seed=5687 net-seed=8089 verbose=0,,5687,cora,0.5,400,16,0.0005,0.01,8089,20,0,1,0.9928571581840515,0.5601139664649963,0.8180000185966492,1.0420207977294922,0.7620000243186951,1.1284475326538086,0.7160579562187195,0.9142857193946838
ef8ef34d,GCN|gcn:train,2020-04-11 21:59:15,0:00:33,completed,data-seed=5687 net-seed=7920 verbose=0,,5687,cora,0.5,400,16,0.0005,0.01,7920,20,0,1,0.9928571581840515,0.5566565990447998,0.8159999847412109,1.068352460861206,0.7540000081062317,1.152195692062378,0.7675517797470093,0.8999999761581421
1ce5dfa8,GCN|gcn:train,2020-04-11 21:58:44,0:00:27,completed,data-seed=5687 net-seed=3747 verbose=0,,5687,cora,0.5,400,16,0.0005,0.01,3747,20,0,1,0.9928571581840515,0.5749768018722534,0.8130000233650208,1.0767874717712402,0.75,1.1670242547988892,0.7594690322875977,0.9071428775787354
b56dedef,GCN|gcn:train,2020-04-11 21:58:12,0:00:28,completed,data-seed=5687 net-seed=6473 verbose=0,,5687,cora,0.5,400,16,0.0005,0.01,6473,20,0,1,0.9928571581840515,0.5656269192695618,0.8140000104904175,1.0820977687835693,0.7519999742507935,1.1667206287384033,0.7405436038970947,0.9214285612106323
0eb94d7b,GCN|gcn:train,2020-04-11 21:57:36,0:00:30,completed,data-seed=5687 net-seed=872 verbose=0,,5687,cora,0.5,400,16,0.0005,0.01,872,20,0,1,0.9928571581840515,0.5591819882392883,0.8040000200271606,1.061144232749939,0.7620000243186951,1.1435611248016357,0.7735859155654907,0.9285714030265808
105bfa1c,GCN|gcn:train,2020-04-11 21:57:00,0:00:32,completed,data-seed=5687 net-seed=8964 verbose=0,,5687,cora,0.5,400,16,0.0005,0.01,8964,20,0,1,0.9928571581840515,0.5899749994277954,0.8209999799728394,1.0484042167663574,0.7620000243186951,1.1263360977172852,0.8236148953437805,0.9214285612106323
a80abdc4,GCN|gcn:train,2020-04-11 21:56:25,0:00:30,completed,data-seed=5687 net-seed=5688 verbose=0,,5687,cora,0.5,400,16,0.0005,0.01,5688,20,0,1,0.9928571581840515,0.6040599942207336,0.8090000152587891,1.1122667789459229,0.7559999823570251,1.198962688446045,0.8066116571426392,0.9071428775787354
810cd897,GCN|gcn:train,2020-04-11 21:55:59,0:00:23,completed,data-seed=5687 net-seed=6608 verbose=0,,5687,cora,0.5,400,16,0.0005,0.01,6608,20,0,1,0.9928571581840515,0.6377198696136475,0.8130000233650208,1.1107780933380127,0.765999972820282,1.1835973262786865,0.8423738479614258,0.8999999761581421
48ef2d14,GCN|gcn:train,2020-04-11 21:55:21,0:00:33,completed,data-seed=5687 net-seed=9399 verbose=0,,5687,cora,0.5,400,16,0.0005,0.01,9399,20,0,1,0.9928571581840515,0.5672097206115723,0.8190000057220459,1.0580847263336182,0.7699999809265137,1.1439006328582764,0.7766865491867065,0.8928571343421936
9af27acc,GCN|gcn:train,2020-04-11 21:54:51,0:00:26,completed,data-seed=5687 net-seed=4975 verbose=0,,5687,cora,0.5,400,16,0.0005,0.01,4975,20,0,1,0.9928571581840515,0.6377878189086914,0.828000009059906,1.0913795232772827,0.7839999794960022,1.1633907556533813,0.791520357131958,0.9071428775787354
a08d870b,GCN|gcn:train,2020-04-11 21:54:22,0:00:24,completed,data-seed=5687 net-seed=551 verbose=0,,5687,cora,0.5,400,16,0.0005,0.01,551,20,0,1,0.9928571581840515,0.574295163154602,0.824999988079071,1.0540883541107178,0.7820000052452087,1.1318457126617432,0.7739095687866211,0.9142857193946838
2ed6304e,GCN|gcn:train,2020-04-11 21:53:44,0:00:33,completed,data-seed=5687 net-seed=1353 verbose=0,,5687,cora,0.5,400,16,0.0005,0.01,1353,20,0,1,0.9928571581840515,0.5905205011367798,0.8270000219345093,1.0501682758331299,0.7739999890327454,1.1378151178359985,0.8160338997840881,0.8928571343421936
c2a19751,GCN|gcn:train,2020-04-11 21:53:07,0:00:32,completed,data-seed=5687 net-seed=9516 verbose=0,,5687,cora,0.5,400,16,0.0005,0.01,9516,20,0,1,0.9928571581840515,0.5758184194564819,0.8190000057220459,1.0554914474487305,0.765999972820282,1.1307332515716553,0.7442710399627686,0.949999988079071
bd7be89c,GCN|gcn:train,2020-04-11 21:52:04,0:00:59,completed,data-seed=5687 dataset=citeseer net-seed=5154 verbose=0,,5687,citeseer,0.5,400,16,0.0005,0.01,5154,20,0,1,0.9833333492279053,0.6793345212936401,0.6549999713897705,1.4319343566894531,0.6579999923706055,1.4621752500534058,0.8681023716926575,0.8999999761581421
4efd0cbd,GCN|gcn:train,2020-04-11 21:50:51,0:01:08,completed,data-seed=5687 dataset=citeseer net-seed=4848 verbose=0,,5687,citeseer,0.5,400,16,0.0005,0.01,4848,20,0,1,0.9916666746139526,0.6672077178955078,0.6539999842643738,1.4298491477966309,0.6600000262260437,1.4556186199188232,0.8200898170471191,0.9416666626930237
758a046b,GCN|gcn:train,2020-04-11 21:50:33,0:00:14,completed,data-seed=5687 dataset=citeseer net-seed=7075 verbose=0,,5687,citeseer,0.5,400,16,0.0005,0.01,7075,20,0,1,0.5083333253860474,1.78620183467865,0.15299999713897705,1.7914323806762695,0.13600000739097595,1.7917613983154297,1.7419120073318481,0.6333333253860474
8332f980,GCN|gcn:train,2020-04-11 21:49:25,0:01:03,completed,data-seed=5687 dataset=citeseer net-seed=9099 verbose=0,,5687,citeseer,0.5,400,16,0.0005,0.01,9099,20,0,1,0.9916666746139526,0.7649396657943726,0.652999997138977,1.472641944885254,0.6460000276565552,1.4942584037780762,0.9012309312820435,0.8999999761581421
e74fccf8,GCN|gcn:train,2020-04-11 21:48:12,0:01:09,completed,data-seed=5687 dataset=citeseer net-seed=2107 verbose=0,,5687,citeseer,0.5,400,16,0.0005,0.01,2107,20,0,1,0.9833333492279053,0.6954532265663147,0.6549999713897705,1.442375659942627,0.6539999842643738,1.4735431671142578,0.8263062834739685,0.9166666865348816
33980d0b,GCN|gcn:train,2020-04-11 21:47:08,0:00:59,completed,data-seed=5687 dataset=citeseer net-seed=8175 verbose=0,,5687,citeseer,0.5,400,16,0.0005,0.01,8175,20,0,1,0.9916666746139526,0.685402512550354,0.6489999890327454,1.4393627643585205,0.6660000085830688,1.4630539417266846,0.7994703650474548,0.9166666865348816
dcc4d170,GCN|gcn:train,2020-04-11 21:46:02,0:01:02,completed,data-seed=5687 dataset=citeseer net-seed=1356 verbose=0,,5687,citeseer,0.5,400,16,0.0005,0.01,1356,20,0,1,0.9833333492279053,0.7369388937950134,0.6629999876022339,1.4320909976959229,0.6679999828338623,1.4553909301757812,0.8794811964035034,0.8999999761581421
55091287,GCN|gcn:train,2020-04-11 21:44:59,0:00:59,completed,data-seed=5687 dataset=citeseer net-seed=828 verbose=0,,5687,citeseer,0.5,400,16,0.0005,0.01,828,20,0,1,0.9916666746139526,0.6834335327148438,0.6549999713897705,1.4304523468017578,0.671999990940094,1.4526093006134033,0.8464093804359436,0.9166666865348816
4a320802,GCN|gcn:train,2020-04-11 21:43:47,0:01:07,completed,data-seed=5687 dataset=citeseer net-seed=5414 verbose=0,,5687,citeseer,0.5,400,16,0.0005,0.01,5414,20,0,1,0.9916666746139526,0.6839354038238525,0.6470000147819519,1.453101634979248,0.6460000276565552,1.4715155363082886,0.8547261953353882,0.925000011920929
a4b16942,GCN|gcn:train,2020-04-11 21:42:42,0:01:01,completed,data-seed=5687 dataset=citeseer net-seed=9493 verbose=0,,5687,citeseer,0.5,400,16,0.0005,0.01,9493,20,0,1,0.9833333492279053,0.6914529800415039,0.6570000052452087,1.4337494373321533,0.6620000004768372,1.450716495513916,0.7645837068557739,0.9166666865348816
e1cb6aa6,GCN|gcn:train,2020-04-11 21:41:32,0:01:06,completed,data-seed=5687 dataset=citeseer net-seed=728 verbose=0,,5687,citeseer,0.5,400,16,0.0005,0.01,728,20,0,1,0.9833333492279053,0.6927521824836731,0.6539999842643738,1.4573500156402588,0.6499999761581421,1.4843538999557495,0.8288817405700684,0.949999988079071
b062e604,GCN|gcn:train,2020-04-11 21:40:25,0:01:03,completed,data-seed=5687 dataset=citeseer net-seed=7135 verbose=0,,5687,citeseer,0.5,400,16,0.0005,0.01,7135,20,0,1,0.9833333492279053,0.7655758857727051,0.652999997138977,1.4766530990600586,0.6520000100135803,1.5037410259246826,0.9240755438804626,0.9083333611488342
1f479b8e,GCN|gcn:train,2020-04-11 21:39:19,0:01:02,completed,data-seed=5687 dataset=citeseer net-seed=2674 verbose=0,,5687,citeseer,0.5,400,16,0.0005,0.01,2674,20,0,1,0.9833333492279053,0.6852631568908691,0.6470000147819519,1.4439277648925781,0.6660000085830688,1.463582992553711,0.8111293315887451,0.949999988079071
8d0b0fa6,GCN|gcn:train,2020-04-11 21:38:14,0:01:01,completed,data-seed=5687 dataset=citeseer net-seed=2616 verbose=0,,5687,citeseer,0.5,400,16,0.0005,0.01,2616,20,0,1,0.9833333492279053,0.7020697593688965,0.6539999842643738,1.460059404373169,0.6499999761581421,1.485042929649353,0.8832805752754211,0.8666666746139526
a830af52,GCN|gcn:train,2020-04-11 21:37:04,0:01:05,completed,data-seed=5687 dataset=citeseer net-seed=516 verbose=0,,5687,citeseer,0.5,400,16,0.0005,0.01,516,20,0,1,0.9916666746139526,0.6704275012016296,0.6589999794960022,1.4374867677688599,0.6700000166893005,1.4564944505691528,0.8126282691955566,0.925000011920929
64009c93,GCN|gcn:train,2020-04-11 21:36:04,0:00:56,completed,data-seed=5687 dataset=citeseer net-seed=8960 verbose=0,,5687,citeseer,0.5,400,16,0.0005,0.01,8960,20,0,1,0.9833333492279053,0.7002993822097778,0.6499999761581421,1.4483067989349365,0.656000018119812,1.4701683521270752,0.8562979698181152,0.9083333611488342
233412af,GCN|gcn:train,2020-04-11 21:34:54,0:01:05,completed,data-seed=5687 dataset=citeseer net-seed=3603 verbose=0,,5687,citeseer,0.5,400,16,0.0005,0.01,3603,20,0,1,0.9833333492279053,0.7015194892883301,0.6389999985694885,1.4560209512710571,0.6420000195503235,1.4904865026474,0.8379452228546143,0.8999999761581421
f05601c4,GCN|gcn:train,2020-04-11 21:33:52,0:00:58,completed,data-seed=5687 dataset=citeseer net-seed=8089 verbose=0,,5687,citeseer,0.5,400,16,0.0005,0.01,8089,20,0,1,0.9916666746139526,0.6873457431793213,0.6589999794960022,1.4521594047546387,0.6480000019073486,1.4984999895095825,0.8546000719070435,0.9333333373069763
b586b56b,GCN|gcn:train,2020-04-11 21:32:45,0:01:03,completed,data-seed=5687 dataset=citeseer net-seed=7920 verbose=0,,5687,citeseer,0.5,400,16,0.0005,0.01,7920,20,0,1,0.9833333492279053,0.6739885210990906,0.6690000295639038,1.4387471675872803,0.6639999747276306,1.4755032062530518,0.8463127613067627,0.9083333611488342
19a6c784,GCN|gcn:train,2020-04-11 21:31:40,0:01:01,completed,data-seed=5687 dataset=citeseer net-seed=3747 verbose=0,,5687,citeseer,0.5,400,16,0.0005,0.01,3747,20,0,1,0.9833333492279053,0.7389937043190002,0.6600000262260437,1.468764305114746,0.6639999747276306,1.4846705198287964,0.8786576986312866,0.925000011920929
5bba4bc7,GCN|gcn:train,2020-04-11 21:30:37,0:00:59,completed,data-seed=5687 dataset=citeseer net-seed=6473 verbose=0,,5687,citeseer,0.5,400,16,0.0005,0.01,6473,20,0,1,0.9916666746139526,0.6986730098724365,0.6589999794960022,1.4465163946151733,0.6420000195503235,1.465135097503662,0.8244767189025879,0.8833333253860474
2acaf723,GCN|gcn:train,2020-04-11 21:29:27,0:01:05,completed,data-seed=5687 dataset=citeseer net-seed=872 verbose=0,,5687,citeseer,0.5,400,16,0.0005,0.01,872,20,0,1,0.9916666746139526,0.7090805768966675,0.6420000195503235,1.4513047933578491,0.6539999842643738,1.4493505954742432,0.8612020015716553,0.925000011920929
33499580,GCN|gcn:train,2020-04-11 21:28:28,0:00:54,completed,data-seed=5687 dataset=citeseer net-seed=8964 verbose=0,,5687,citeseer,0.5,400,16,0.0005,0.01,8964,20,0,1,0.9833333492279053,0.6931335926055908,0.6669999957084656,1.4213871955871582,0.656000018119812,1.4489891529083252,0.8875439167022705,0.8333333134651184
9bcb9df9,GCN|gcn:train,2020-04-11 21:27:20,0:01:04,completed,data-seed=5687 dataset=citeseer net-seed=5688 verbose=0,,5687,citeseer,0.5,400,16,0.0005,0.01,5688,20,0,1,0.9916666746139526,0.7070267200469971,0.652999997138977,1.453382968902588,0.6539999842643738,1.4714422225952148,0.8824564218521118,0.8999999761581421
45f1392d,GCN|gcn:train,2020-04-11 21:26:19,0:00:56,completed,data-seed=5687 dataset=citeseer net-seed=6608 verbose=0,,5687,citeseer,0.5,400,16,0.0005,0.01,6608,20,0,1,0.9916666746139526,0.7107106447219849,0.6489999890327454,1.4489238262176514,0.6579999923706055,1.476107120513916,0.9017170667648315,0.9083333611488342
d51ccce9,GCN|gcn:train,2020-04-11 21:25:05,0:01:09,completed,data-seed=5687 dataset=citeseer net-seed=9399 verbose=0,,5687,citeseer,0.5,400,16,0.0005,0.01,9399,20,0,1,0.9916666746139526,0.6836532354354858,0.6480000019073486,1.4501655101776123,0.6579999923706055,1.4594435691833496,0.8566932678222656,0.8999999761581421
326d6b4a,GCN|gcn:train,2020-04-11 21:23:51,0:01:09,completed,data-seed=5687 dataset=citeseer net-seed=4975 verbose=0,,5687,citeseer,0.5,400,16,0.0005,0.01,4975,20,0,1,0.9833333492279053,0.6826382875442505,0.6449999809265137,1.4538447856903076,0.6700000166893005,1.4589440822601318,0.8649450540542603,0.8999999761581421
94a894ae,GCN|gcn:train,2020-04-11 21:22:42,0:01:04,completed,data-seed=5687 dataset=citeseer net-seed=551 verbose=0,,5687,citeseer,0.5,400,16,0.0005,0.01,551,20,0,1,0.9916666746139526,0.7043033838272095,0.6430000066757202,1.4761968851089478,0.6600000262260437,1.4760191440582275,0.8164864778518677,0.925000011920929
e97ce25a,GCN|gcn:train,2020-04-11 21:21:28,0:01:09,completed,data-seed=5687 dataset=citeseer net-seed=1353 verbose=0,,5687,citeseer,0.5,400,16,0.0005,0.01,1353,20,0,1,0.9833333492279053,0.686769425868988,0.656000018119812,1.44453763961792,0.671999990940094,1.47149658203125,0.7931857109069824,0.9416666626930237
c07da328,GCN|gcn:train,2020-04-11 21:20:13,0:01:10,completed,data-seed=5687 dataset=citeseer net-seed=9516 verbose=0,,5687,citeseer,0.5,400,16,0.0005,0.01,9516,20,0,1,0.9916666746139526,0.6859678626060486,0.6639999747276306,1.4460457563400269,0.6480000019073486,1.4840638637542725,0.8628582954406738,0.8999999761581421
32b32b36,GCN|gcn:train,2020-04-11 21:19:40,0:00:26,completed,data-seed=5154 dataset=pubmed net-seed=5687 verbose=0,,5154,pubmed,0.5,400,16,0.0005,0.01,5687,20,0,1,0.9666666388511658,0.4241563379764557,0.7390000224113464,0.7807778120040894,0.7480000257492065,0.8121894598007202,0.4658609926700592,0.949999988079071
647fbd13,GCN|gcn:train,2020-04-11 21:19:06,0:00:29,completed,data-seed=5154 net-seed=5687 verbose=0,,5154,cora,0.5,400,16,0.0005,0.01,5687,20,0,1,0.9857142567634583,0.619041919708252,0.8190000057220459,1.0921168327331543,0.8259999752044678,1.098877191543579,0.7413318157196045,0.9571428298950195
b77369ab,GCN|gcn:train,2020-04-11 21:17:50,0:01:12,completed,data-seed=5154 dataset=citeseer net-seed=5687 verbose=0,,5154,citeseer,0.5,400,16,0.0005,0.01,5687,20,0,1,0.9916666746139526,0.655957818031311,0.6800000071525574,1.3961141109466553,0.6959999799728394,1.3449759483337402,0.8525187969207764,0.9083333611488342
b09a9ed0,GCN|gcn:train,2020-04-11 21:17:09,0:00:36,completed,data-seed=4848 dataset=pubmed net-seed=5687 verbose=0,,4848,pubmed,0.5,400,16,0.0005,0.01,5687,20,0,1,1.0,0.2845821976661682,0.7770000100135803,0.7591042518615723,0.7459999918937683,0.8073328733444214,0.32320261001586914,0.9833333492279053
22ccf4dd,GCN|gcn:train,2020-04-11 21:16:40,0:00:24,completed,data-seed=4848 net-seed=5687 verbose=0,,4848,cora,0.5,400,16,0.0005,0.01,5687,20,0,1,0.9928571581840515,0.6085758209228516,0.7639999985694885,1.1142971515655518,0.8259999752044678,1.091959834098816,0.7843252420425415,0.8999999761581421
5dfb2580,GCN|gcn:train,2020-04-11 21:15:25,0:01:10,completed,data-seed=4848 dataset=citeseer net-seed=5687 verbose=0,,4848,citeseer,0.5,400,16,0.0005,0.01,5687,20,0,1,0.9833333492279053,0.6616208553314209,0.6439999938011169,1.4072272777557373,0.6880000233650208,1.3769948482513428,0.8001477122306824,0.9416666626930237
411cb8f2,GCN|gcn:train,2020-04-11 21:14:55,0:00:26,completed,data-seed=7075 dataset=pubmed net-seed=5687 verbose=0,,7075,pubmed,0.5,400,16,0.0005,0.01,5687,20,0,1,0.9833333492279053,0.42321813106536865,0.718999981880188,0.8642656207084656,0.6899999976158142,0.9019564390182495,0.41445493698120117,0.9333333373069763
43539d20,GCN|gcn:train,2020-04-11 21:14:27,0:00:25,completed,data-seed=7075 net-seed=5687 verbose=0,,7075,cora,0.5,400,16,0.0005,0.01,5687,20,0,1,0.9785714149475098,0.7160047888755798,0.7630000114440918,1.2118381261825562,0.7239999771118164,1.2713749408721924,0.8697692155838013,0.9071428775787354
bb4e6550,GCN|gcn:train,2020-04-11 21:13:13,0:01:10,completed,data-seed=7075 dataset=citeseer net-seed=5687 verbose=0,,7075,citeseer,0.5,400,16,0.0005,0.01,5687,20,0,1,0.9916666746139526,0.6397973895072937,0.6679999828338623,1.3926031589508057,0.6740000247955322,1.3646408319473267,0.7695788145065308,0.9333333373069763
fc657a23,GCN|gcn:train,2020-04-11 21:12:19,0:00:49,completed,data-seed=9099 dataset=pubmed net-seed=5687 verbose=0,,9099,pubmed,0.5,400,16,0.0005,0.01,5687,20,0,1,0.9666666388511658,0.27273499965667725,0.7770000100135803,0.7190892100334167,0.7919999957084656,0.6773577928543091,0.37396544218063354,0.8833333253860474
51c57de8,GCN|gcn:train,2020-04-11 21:11:43,0:00:32,completed,data-seed=9099 net-seed=5687 verbose=0,,9099,cora,0.5,400,16,0.0005,0.01,5687,20,0,1,1.0,0.5470066666603088,0.7839999794960022,1.0947686433792114,0.7839999794960022,1.0685324668884277,0.7120461463928223,0.9142857193946838
dd6f5e34,GCN|gcn:train,2020-04-11 21:10:26,0:01:12,completed,data-seed=9099 dataset=citeseer net-seed=5687 verbose=0,,9099,citeseer,0.5,400,16,0.0005,0.01,5687,20,0,1,0.9833333492279053,0.687650203704834,0.6779999732971191,1.391489028930664,0.6700000166893005,1.402679204940796,0.8117920160293579,0.925000011920929
413fecfc,GCN|gcn:train,2020-04-11 21:09:53,0:00:29,completed,data-seed=2107 dataset=pubmed net-seed=5687 verbose=0,,2107,pubmed,0.5,400,16,0.0005,0.01,5687,20,0,1,1.0,0.31528598070144653,0.7480000257492065,0.7868157625198364,0.7919999957084656,0.7262556552886963,0.37605607509613037,0.9833333492279053
a4014e80,GCN|gcn:train,2020-04-11 21:09:25,0:00:24,completed,data-seed=2107 net-seed=5687 verbose=0,,2107,cora,0.5,400,16,0.0005,0.01,5687,20,0,1,0.9928571581840515,0.5384781360626221,0.8059999942779541,1.0410330295562744,0.7680000066757202,1.1296865940093994,0.7039157152175903,0.9142857193946838
1cdaf635,GCN|gcn:train,2020-04-11 21:08:25,0:00:56,completed,data-seed=2107 dataset=citeseer net-seed=5687 verbose=0,,2107,citeseer,0.5,400,16,0.0005,0.01,5687,20,0,1,1.0,0.6226954460144043,0.703000009059906,1.3623238801956177,0.7260000109672546,1.348690390586853,0.7809538841247559,0.9333333373069763
c89ce012,GCN|gcn:train,2020-04-11 21:07:48,0:00:34,completed,data-seed=8175 dataset=pubmed net-seed=5687 verbose=0,,8175,pubmed,0.5,400,16,0.0005,0.01,5687,20,0,1,1.0,0.2910057604312897,0.7680000066757202,0.7721741199493408,0.7720000147819519,0.7927659749984741,0.3173027038574219,1.0
c1a9ad0b,GCN|gcn:train,2020-04-11 21:07:23,0:00:21,completed,data-seed=8175 net-seed=5687 verbose=0,,8175,cora,0.5,400,16,0.0005,0.01,5687,20,0,1,0.9785714149475098,0.6956167817115784,0.7799999713897705,1.1337913274765015,0.8240000009536743,1.115618109703064,0.8583576679229736,0.8571428656578064
9fdc9efa,GCN|gcn:train,2020-04-11 21:06:24,0:00:54,completed,data-seed=8175 dataset=citeseer net-seed=5687 verbose=0,,8175,citeseer,0.5,400,16,0.0005,0.01,5687,20,0,1,0.9916666746139526,0.6357638239860535,0.6769999861717224,1.4333136081695557,0.6620000004768372,1.369012475013733,0.8452398777008057,0.925000011920929
45846e4f,GCN|gcn:train,2020-04-11 21:05:44,0:00:37,completed,data-seed=1356 dataset=pubmed net-seed=5687 verbose=0,,1356,pubmed,0.5,400,16,0.0005,0.01,5687,20,0,1,0.9833333492279053,0.2540040910243988,0.7929999828338623,0.7039839029312134,0.7940000295639038,0.7223395109176636,0.3430185317993164,0.9333333373069763
4eccc9fd,GCN|gcn:train,2020-04-11 21:05:16,0:00:24,completed,data-seed=1356 net-seed=5687 verbose=0,,1356,cora,0.5,400,16,0.0005,0.01,5687,20,0,1,0.9928571581840515,0.5974025726318359,0.7910000085830688,1.0856397151947021,0.7900000214576721,1.1175899505615234,0.7519844770431519,0.8999999761581421
1fd3eda4,GCN|gcn:train,2020-04-11 21:04:19,0:00:53,completed,data-seed=1356 dataset=citeseer net-seed=5687 verbose=0,,1356,citeseer,0.5,400,16,0.0005,0.01,5687,20,0,1,1.0,0.6405243873596191,0.6629999876022339,1.4102777242660522,0.7039999961853027,1.3416697978973389,0.7775311470031738,0.925000011920929
027e1873,GCN|gcn:train,2020-04-11 21:03:36,0:00:39,completed,data-seed=828 dataset=pubmed net-seed=5687 verbose=0,,828,pubmed,0.5,400,16,0.0005,0.01,5687,20,0,1,1.0,0.26709437370300293,0.7820000052452087,0.6928296685218811,0.7680000066757202,0.7323032021522522,0.3411850035190582,0.9666666388511658
008a31b6,GCN|gcn:train,2020-04-11 21:03:05,0:00:27,completed,data-seed=828 net-seed=5687 verbose=0,,828,cora,0.5,400,16,0.0005,0.01,5687,20,0,1,0.9857142567634583,0.5882123708724976,0.7900000214576721,1.084521770477295,0.8320000171661377,1.0421161651611328,0.7892183661460876,0.9214285612106323
e2e0284c,GCN|gcn:train,2020-04-11 21:02:09,0:00:52,completed,data-seed=828 dataset=citeseer net-seed=5687 verbose=0,,828,citeseer,0.5,400,16,0.0005,0.01,5687,20,0,1,0.9916666746139526,0.6454756259918213,0.6830000281333923,1.3840737342834473,0.7300000190734863,1.3345930576324463,0.752985417842865,0.925000011920929
a762d167,GCN|gcn:train,2020-04-11 21:01:36,0:00:29,completed,data-seed=5414 dataset=pubmed net-seed=5687 verbose=0,,5414,pubmed,0.5,400,16,0.0005,0.01,5687,20,0,1,1.0,0.3230074644088745,0.7689999938011169,0.7628448009490967,0.7680000066757202,0.7803342342376709,0.34510552883148193,0.9833333492279053
cac76eaa,GCN|gcn:train,2020-04-11 21:01:10,0:00:22,completed,data-seed=5414 net-seed=5687 verbose=0,,5414,cora,0.5,400,16,0.0005,0.01,5687,20,0,1,1.0,0.5338171720504761,0.7870000004768372,1.0660070180892944,0.7839999794960022,1.089358925819397,0.6721856594085693,0.949999988079071
db78fee3,GCN|gcn:train,2020-04-11 21:00:15,0:00:52,completed,data-seed=5414 dataset=citeseer net-seed=5687 verbose=0,,5414,citeseer,0.5,400,16,0.0005,0.01,5687,20,0,1,0.9916666746139526,0.6466699242591858,0.6579999923706055,1.4054875373840332,0.6579999923706055,1.3740918636322021,0.8049976825714111,0.8833333253860474
439116c0,GCN|gcn:train,2020-04-11 20:59:43,0:00:28,completed,data-seed=9493 dataset=pubmed net-seed=5687 verbose=0,,9493,pubmed,0.5,400,16,0.0005,0.01,5687,20,0,1,1.0,0.32796692848205566,0.7279999852180481,0.8111846446990967,0.7279999852180481,0.7624027132987976,0.3997856080532074,0.949999988079071
9b932d18,GCN|gcn:train,2020-04-11 20:59:16,0:00:23,completed,data-seed=9493 net-seed=5687 verbose=0,,9493,cora,0.5,400,16,0.0005,0.01,5687,20,0,1,0.9928571581840515,0.5429736375808716,0.7749999761581421,1.1036368608474731,0.7720000147819519,1.0994174480438232,0.7263673543930054,0.9285714030265808
269b2395,GCN|gcn:train,2020-04-11 20:58:20,0:00:52,completed,data-seed=9493 dataset=citeseer net-seed=5687 verbose=0,,9493,citeseer,0.5,400,16,0.0005,0.01,5687,20,0,1,1.0,0.6535695791244507,0.6819999814033508,1.3652851581573486,0.7120000123977661,1.3496665954589844,0.8357245922088623,0.8999999761581421
3635c37c,GCN|gcn:train,2020-04-11 20:57:52,0:00:24,completed,data-seed=728 dataset=pubmed net-seed=5687 verbose=0,,728,pubmed,0.5,400,16,0.0005,0.01,5687,20,0,1,1.0,0.3204161524772644,0.718999981880188,0.8761174082756042,0.7319999933242798,0.8335326910018921,0.3750288188457489,0.9833333492279053
3fc13711,GCN|gcn:train,2020-04-11 20:57:24,0:00:24,completed,data-seed=728 net-seed=5687 verbose=0,,728,cora,0.5,400,16,0.0005,0.01,5687,20,0,1,0.9928571581840515,0.5664882659912109,0.8109999895095825,1.0454676151275635,0.8119999766349792,1.0507677793502808,0.7335175275802612,0.9142857193946838
b85e5396,GCN|gcn:train,2020-04-11 20:56:40,0:00:41,completed,data-seed=728 dataset=citeseer net-seed=5687 verbose=0,,728,citeseer,0.5,400,16,0.0005,0.01,5687,20,0,1,0.9666666388511658,0.8673716187477112,0.6660000085830688,1.4913415908813477,0.6800000071525574,1.4956235885620117,1.0232903957366943,0.8166666626930237
5a6b5052,GCN|gcn:train,2020-04-11 20:56:08,0:00:28,completed,data-seed=7135 dataset=pubmed net-seed=5687 verbose=0,,7135,pubmed,0.5,400,16,0.0005,0.01,5687,20,0,1,0.9666666388511658,0.4036693572998047,0.7860000133514404,0.7603162527084351,0.7720000147819519,0.7762234210968018,0.3897033631801605,0.9833333492279053
8f509c80,GCN|gcn:train,2020-04-11 20:55:46,0:00:19,completed,data-seed=7135 net-seed=5687 verbose=0,,7135,cora,0.5,400,16,0.0005,0.01,5687,20,0,1,0.9857142567634583,0.583636999130249,0.7860000133514404,1.1038435697555542,0.7760000228881836,1.1259913444519043,0.7566396594047546,0.8857142925262451
2bd1e0e6,GCN|gcn:train,2020-04-11 20:54:50,0:00:52,completed,data-seed=7135 dataset=citeseer net-seed=5687 verbose=0,,7135,citeseer,0.5,400,16,0.0005,0.01,5687,20,0,1,1.0,0.6310520172119141,0.7089999914169312,1.3581838607788086,0.7319999933242798,1.3291337490081787,0.7806831002235413,0.9083333611488342
dacd96bd,GCN|gcn:train,2020-04-11 20:54:21,0:00:25,completed,data-seed=2674 dataset=pubmed net-seed=5687 verbose=0,,2674,pubmed,0.5,400,16,0.0005,0.01,5687,20,0,1,1.0,0.4131418466567993,0.7770000100135803,0.7949228882789612,0.7260000109672546,0.8316852450370789,0.5104547739028931,0.9333333373069763
ddde63d1,GCN|gcn:train,2020-04-11 20:53:55,0:00:23,completed,data-seed=2674 net-seed=5687 verbose=0,,2674,cora,0.5,400,16,0.0005,0.01,5687,20,0,1,0.9928571581840515,0.5992975234985352,0.8119999766349792,1.0689584016799927,0.7960000038146973,1.1287895441055298,0.7885643243789673,0.8928571343421936
469f53bf,GCN|gcn:train,2020-04-11 20:52:58,0:00:52,completed,data-seed=2674 dataset=citeseer net-seed=5687 verbose=0,,2674,citeseer,0.5,400,16,0.0005,0.01,5687,20,0,1,0.9833333492279053,0.6288948059082031,0.6769999861717224,1.375067114830017,0.6779999732971191,1.3621982336044312,0.790036678314209,0.9166666865348816
8caf7865,GCN|gcn:train,2020-04-11 20:52:26,0:00:28,completed,data-seed=2616 dataset=pubmed net-seed=5687 verbose=0,,2616,pubmed,0.5,400,16,0.0005,0.01,5687,20,0,1,1.0,0.3123132586479187,0.7879999876022339,0.7706727385520935,0.7599999904632568,0.7919507622718811,0.363792359828949,0.9666666388511658
03233fe7,GCN|gcn:train,2020-04-11 20:51:59,0:00:23,completed,data-seed=2616 net-seed=5687 verbose=0,,2616,cora,0.5,400,16,0.0005,0.01,5687,20,0,1,1.0,0.5629243850708008,0.7979999780654907,1.0964393615722656,0.8059999942779541,1.0899896621704102,0.702306866645813,0.9214285612106323
38c976a4,GCN|gcn:train,2020-04-11 20:51:02,0:00:53,completed,data-seed=2616 dataset=citeseer net-seed=5687 verbose=0,,2616,citeseer,0.5,400,16,0.0005,0.01,5687,20,0,1,1.0,0.661486029624939,0.675000011920929,1.3599295616149902,0.6700000166893005,1.389510154724121,0.8260328769683838,0.9333333373069763
286b68de,GCN|gcn:train,2020-04-11 20:50:24,0:00:34,completed,data-seed=516 dataset=pubmed net-seed=5687 verbose=0,,516,pubmed,0.5,400,16,0.0005,0.01,5687,20,0,1,1.0,0.28854477405548096,0.7609999775886536,0.7792022228240967,0.777999997138977,0.7579389810562134,0.33263733983039856,0.9833333492279053
6b9b4e2d,GCN|gcn:train,2020-04-11 20:49:58,0:00:23,completed,data-seed=516 net-seed=5687 verbose=0,,516,cora,0.5,400,16,0.0005,0.01,5687,20,0,1,1.0,0.5273630023002625,0.7850000262260437,1.1090567111968994,0.7419999837875366,1.163473129272461,0.676482081413269,0.949999988079071
4f052ffb,GCN|gcn:train,2020-04-11 20:49:04,0:00:51,completed,data-seed=516 dataset=citeseer net-seed=5687 verbose=0,,516,citeseer,0.5,400,16,0.0005,0.01,5687,20,0,1,0.9833333492279053,0.6652811169624329,0.6570000052452087,1.4316802024841309,0.6819999814033508,1.3337173461914062,0.8378188610076904,0.8916666507720947
e50887e3,GCN|gcn:train,2020-04-11 20:48:31,0:00:29,completed,data-seed=8960 dataset=pubmed net-seed=5687 verbose=0,,8960,pubmed,0.5,400,16,0.0005,0.01,5687,20,0,1,1.0,0.34997081756591797,0.7950000166893005,0.7353595495223999,0.7900000214576721,0.762981116771698,0.38008248805999756,0.9666666388511658
cf884cf4,GCN|gcn:train,2020-04-11 20:48:03,0:00:24,completed,data-seed=8960 net-seed=5687 verbose=0,,8960,cora,0.5,400,16,0.0005,0.01,5687,20,0,1,0.9928571581840515,0.6109548807144165,0.7590000033378601,1.1489468812942505,0.7639999985694885,1.1653753519058228,0.7863835096359253,0.9142857193946838
1af26748,GCN|gcn:train,2020-04-11 20:47:08,0:00:52,completed,data-seed=8960 dataset=citeseer net-seed=5687 verbose=0,,8960,citeseer,0.5,400,16,0.0005,0.01,5687,20,0,1,1.0,0.6218907237052917,0.6639999747276306,1.4112277030944824,0.6759999990463257,1.3767292499542236,0.8134283423423767,0.9166666865348816
710fb5ea,GCN|gcn:train,2020-04-11 20:46:34,0:00:30,completed,data-seed=3603 dataset=pubmed net-seed=5687 verbose=0,,3603,pubmed,0.5,400,16,0.0005,0.01,5687,20,0,1,0.9833333492279053,0.3020135164260864,0.7770000100135803,0.734079122543335,0.7039999961853027,0.8035935163497925,0.3816283941268921,0.9833333492279053
70d90804,GCN|gcn:train,2020-04-11 20:46:13,0:00:16,completed,data-seed=3603 net-seed=5687 verbose=0,,3603,cora,0.5,400,16,0.0005,0.01,5687,20,0,1,1.0,0.6490845084190369,0.7850000262260437,1.1503407955169678,0.8100000023841858,1.14744234085083,0.7375495433807373,0.9214285612106323
68c7563d,GCN|gcn:train,2020-04-11 20:45:13,0:00:56,completed,data-seed=3603 dataset=citeseer net-seed=5687 verbose=0,,3603,citeseer,0.5,400,16,0.0005,0.01,5687,20,0,1,1.0,0.6442416906356812,0.6899999976158142,1.3893146514892578,0.6880000233650208,1.354872226715088,0.8393118381500244,0.8999999761581421
351c1ff1,GCN|gcn:train,2020-04-11 20:44:38,0:00:31,completed,data-seed=8089 dataset=pubmed net-seed=5687 verbose=0,,8089,pubmed,0.5,400,16,0.0005,0.01,5687,20,0,1,0.9833333492279053,0.3697347640991211,0.7720000147819519,0.7691247463226318,0.7639999985694885,0.8058929443359375,0.41451579332351685,0.9333333373069763
373bec92,GCN|gcn:train,2020-04-11 20:44:18,0:00:17,completed,data-seed=8089 net-seed=5687 verbose=0,,8089,cora,0.5,400,16,0.0005,0.01,5687,20,0,1,0.9928571581840515,0.6460175514221191,0.7860000133514404,1.123395562171936,0.8059999942779541,1.109236478805542,0.734609067440033,0.9571428298950195
1db45597,GCN|gcn:train,2020-04-11 20:43:19,0:00:54,completed,data-seed=8089 dataset=citeseer net-seed=5687 verbose=0,,8089,citeseer,0.5,400,16,0.0005,0.01,5687,20,0,1,0.9916666746139526,0.6560207605361938,0.7059999704360962,1.3557941913604736,0.6539999842643738,1.4080383777618408,0.7486353516578674,0.9333333373069763
8d8fa298,GCN|gcn:train,2020-04-11 20:42:46,0:00:30,completed,data-seed=7920 dataset=pubmed net-seed=5687 verbose=0,,7920,pubmed,0.5,400,16,0.0005,0.01,5687,20,0,1,1.0,0.343221515417099,0.7710000276565552,0.7578299045562744,0.7799999713897705,0.8007431030273438,0.3771814703941345,0.949999988079071
d4e045e6,GCN|gcn:train,2020-04-11 20:42:21,0:00:21,completed,data-seed=7920 net-seed=5687 verbose=0,,7920,cora,0.5,400,16,0.0005,0.01,5687,20,0,1,0.9928571581840515,0.6230452060699463,0.8040000200271606,1.1156079769134521,0.7860000133514404,1.1195869445800781,0.759545624256134,0.9357143044471741
9ee9f6ec,GCN|gcn:train,2020-04-11 20:41:23,0:00:54,completed,data-seed=7920 dataset=citeseer net-seed=5687 verbose=0,,7920,citeseer,0.5,400,16,0.0005,0.01,5687,20,0,1,0.9916666746139526,0.6596720218658447,0.6700000166893005,1.4006091356277466,0.699999988079071,1.3525514602661133,0.8350734710693359,0.9083333611488342
ff5519bc,GCN|gcn:train,2020-04-11 20:40:55,0:00:24,completed,data-seed=3747 dataset=pubmed net-seed=5687 verbose=0,,3747,pubmed,0.5,400,16,0.0005,0.01,5687,20,0,1,0.9666666388511658,0.3902258276939392,0.7400000095367432,0.8218158483505249,0.7639999985694885,0.793621838092804,0.40384674072265625,0.9833333492279053
61266236,GCN|gcn:train,2020-04-11 20:40:33,0:00:18,completed,data-seed=3747 net-seed=5687 verbose=0,,3747,cora,0.5,400,16,0.0005,0.01,5687,20,0,1,0.9928571581840515,0.6212801337242126,0.7960000038146973,1.1397151947021484,0.7599999904632568,1.2049622535705566,0.7736493945121765,0.9142857193946838
5e7301b5,GCN|gcn:train,2020-04-11 20:39:35,0:00:54,completed,data-seed=3747 dataset=citeseer net-seed=5687 verbose=0,,3747,citeseer,0.5,400,16,0.0005,0.01,5687,20,0,1,0.9833333492279053,0.6629170179367065,0.6919999718666077,1.3645308017730713,0.7039999961853027,1.3380415439605713,0.8200019598007202,0.8999999761581421
d10cb24d,GCN|gcn:train,2020-04-11 20:38:57,0:00:34,completed,data-seed=6473 dataset=pubmed net-seed=5687 verbose=0,,6473,pubmed,0.5,400,16,0.0005,0.01,5687,20,0,1,0.9666666388511658,0.3979688882827759,0.7390000224113464,0.827061116695404,0.7559999823570251,0.8272490501403809,0.4740716516971588,0.9166666865348816
2e43f283,GCN|gcn:train,2020-04-11 20:38:34,0:00:19,completed,data-seed=6473 net-seed=5687 verbose=0,,6473,cora,0.5,400,16,0.0005,0.01,5687,20,0,1,0.9857142567634583,0.6197646856307983,0.8140000104904175,1.0783475637435913,0.7720000147819519,1.1284711360931396,0.7478932738304138,0.9142857193946838
3ca52000,GCN|gcn:train,2020-04-11 20:37:35,0:00:54,completed,data-seed=6473 dataset=citeseer net-seed=5687 verbose=0,,6473,citeseer,0.5,400,16,0.0005,0.01,5687,20,0,1,0.9833333492279053,0.6906670331954956,0.6779999732971191,1.420241355895996,0.671999990940094,1.4166275262832642,0.8165944814682007,0.925000011920929
ef63b05c,GCN|gcn:train,2020-04-11 20:36:56,0:00:35,completed,data-seed=872 dataset=pubmed net-seed=5687 verbose=0,,872,pubmed,0.5,400,16,0.0005,0.01,5687,20,0,1,1.0,0.29223668575286865,0.7699999809265137,0.7749504446983337,0.7739999890327454,0.7339282035827637,0.3748469054698944,0.9833333492279053
3ca594f5,GCN|gcn:train,2020-04-11 20:36:33,0:00:19,completed,data-seed=872 net-seed=5687 verbose=0,,872,cora,0.5,400,16,0.0005,0.01,5687,20,0,1,0.9857142567634583,0.6057935953140259,0.7799999713897705,1.1293799877166748,0.8119999766349792,1.1036274433135986,0.7411322593688965,0.8857142925262451
2504d323,GCN|gcn:train,2020-04-11 20:35:34,0:00:54,completed,data-seed=872 dataset=citeseer net-seed=5687 verbose=0,,872,citeseer,0.5,400,16,0.0005,0.01,5687,20,0,1,0.9916666746139526,0.6453659534454346,0.6919999718666077,1.3933757543563843,0.6520000100135803,1.4266332387924194,0.8248819708824158,0.8666666746139526
1594f370,GCN|gcn:train,2020-04-11 20:35:03,0:00:27,completed,data-seed=8964 dataset=pubmed net-seed=5687 verbose=0,,8964,pubmed,0.5,400,16,0.0005,0.01,5687,20,0,1,0.9833333492279053,0.39439624547958374,0.7580000162124634,0.770906388759613,0.75,0.8111975193023682,0.4522450566291809,0.9166666865348816
e70a0cc8,GCN|gcn:train,2020-04-11 20:34:36,0:00:23,completed,data-seed=8964 net-seed=5687 verbose=0,,8964,cora,0.5,400,16,0.0005,0.01,5687,20,0,1,0.9857142567634583,0.5443621873855591,0.8080000281333923,1.0449450016021729,0.7799999713897705,1.0887531042099,0.6698883771896362,0.9285714030265808
00c8adf8,GCN|gcn:train,2020-04-11 20:33:35,0:00:57,completed,data-seed=8964 dataset=citeseer net-seed=5687 verbose=0,,8964,citeseer,0.5,400,16,0.0005,0.01,5687,20,0,1,1.0,0.6383720636367798,0.6909999847412109,1.370116949081421,0.7279999852180481,1.3198659420013428,0.7728354334831238,0.925000011920929
95b867bb,GCN|gcn:train,2020-04-11 20:32:53,0:00:38,completed,data-seed=5688 dataset=pubmed net-seed=5687 verbose=0,,5688,pubmed,0.5,400,16,0.0005,0.01,5687,20,0,1,1.0,0.3211001753807068,0.7099999785423279,0.84745192527771,0.7379999756813049,0.8266529440879822,0.42789193987846375,0.9833333492279053
30da5f04,GCN|gcn:train,2020-04-11 20:32:21,0:00:28,completed,data-seed=5688 net-seed=5687 verbose=0,,5688,cora,0.5,400,16,0.0005,0.01,5687,20,0,1,0.9928571581840515,0.5738018751144409,0.8330000042915344,1.019347906112671,0.8040000200271606,1.1085790395736694,0.7594232559204102,0.9071428775787354
8627a689,GCN|gcn:train,2020-04-11 20:31:15,0:01:02,completed,data-seed=5688 dataset=citeseer net-seed=5687 verbose=0,,5688,citeseer,0.5,400,16,0.0005,0.01,5687,20,0,1,0.9916666746139526,0.6378905177116394,0.6439999938011169,1.4561066627502441,0.6439999938011169,1.4420948028564453,0.7448707818984985,0.9583333134651184
ba987250,GCN|gcn:train,2020-04-11 20:30:44,0:00:27,completed,data-seed=6608 dataset=pubmed net-seed=5687 verbose=0,,6608,pubmed,0.5,400,16,0.0005,0.01,5687,20,0,1,0.9833333492279053,0.35792410373687744,0.7639999985694885,0.8006867170333862,0.7720000147819519,0.7815927267074585,0.40082064270973206,0.9333333373069763
cf848275,GCN|gcn:train,2020-04-11 20:30:13,0:00:28,completed,data-seed=6608 net-seed=5687 verbose=0,,6608,cora,0.5,400,16,0.0005,0.01,5687,20,0,1,0.9642857313156128,0.6290634870529175,0.7789999842643738,1.105832576751709,0.765999972820282,1.1326228380203247,0.7117403149604797,0.9285714030265808
e73638d4,GCN|gcn:train,2020-04-11 20:29:07,0:01:01,completed,data-seed=6608 dataset=citeseer net-seed=5687 verbose=0,,6608,citeseer,0.5,400,16,0.0005,0.01,5687,20,0,1,0.9916666746139526,0.676504373550415,0.6690000295639038,1.453516960144043,0.6859999895095825,1.4279487133026123,0.831558108329773,0.925000011920929
f1c50726,GCN|gcn:train,2020-04-11 20:28:39,0:00:25,completed,data-seed=9399 dataset=pubmed net-seed=5687 verbose=0,,9399,pubmed,0.5,400,16,0.0005,0.01,5687,20,0,1,0.9666666388511658,0.47009944915771484,0.7570000290870667,0.7929584383964539,0.765999972820282,0.8179771304130554,0.4768664836883545,0.9166666865348816
ed10cebe,GCN|gcn:train,2020-04-11 20:28:11,0:00:25,completed,data-seed=9399 net-seed=5687 verbose=0,,9399,cora,0.5,400,16,0.0005,0.01,5687,20,0,1,0.9928571581840515,0.6333823204040527,0.7829999923706055,1.1487985849380493,0.7860000133514404,1.1349486112594604,0.8031839728355408,0.8999999761581421
d88839f9,GCN|gcn:train,2020-04-11 20:27:03,0:01:05,completed,data-seed=9399 dataset=citeseer net-seed=5687 verbose=0,,9399,citeseer,0.5,400,16,0.0005,0.01,5687,20,0,1,0.9916666746139526,0.6350688934326172,0.6420000195503235,1.39417564868927,0.6919999718666077,1.3297719955444336,0.8075789213180542,0.8916666507720947
725e577a,GCN|gcn:train,2020-04-11 20:26:29,0:00:30,completed,data-seed=4975 dataset=pubmed net-seed=5687 verbose=0,,4975,pubmed,0.5,400,16,0.0005,0.01,5687,20,0,1,0.9833333492279053,0.35896891355514526,0.7919999957084656,0.7675039768218994,0.7599999904632568,0.7992538213729858,0.43841707706451416,0.949999988079071
df2e2879,GCN|gcn:train,2020-04-11 20:26:01,0:00:23,completed,data-seed=4975 net-seed=5687 verbose=0,,4975,cora,0.5,400,16,0.0005,0.01,5687,20,0,1,0.9928571581840515,0.5716530084609985,0.7879999876022339,1.0866003036499023,0.7820000052452087,1.1564712524414062,0.7867065668106079,0.8999999761581421
8147573a,GCN|gcn:train,2020-04-11 20:24:57,0:01:00,completed,data-seed=4975 dataset=citeseer net-seed=5687 verbose=0,,4975,citeseer,0.5,400,16,0.0005,0.01,5687,20,0,1,1.0,0.6419500708580017,0.6389999985694885,1.445536494255066,0.6959999799728394,1.3857284784317017,0.7395179271697998,0.9750000238418579
a3d67ee3,GCN|gcn:train,2020-04-11 20:24:10,0:00:42,completed,data-seed=551 dataset=pubmed net-seed=5687 verbose=0,,551,pubmed,0.5,400,16,0.0005,0.01,5687,20,0,1,1.0,0.26643216609954834,0.777999997138977,0.7606223821640015,0.7919999957084656,0.7387872934341431,0.3833326995372772,0.9666666388511658
224f8478,GCN|gcn:train,2020-04-11 20:23:44,0:00:22,completed,data-seed=551 net-seed=5687 verbose=0,,551,cora,0.5,400,16,0.0005,0.01,5687,20,0,1,1.0,0.5869402885437012,0.8050000071525574,1.1088849306106567,0.7919999957084656,1.0854566097259521,0.7472804188728333,0.9285714030265808
66bab52c,GCN|gcn:train,2020-04-11 20:22:37,0:01:02,completed,data-seed=551 dataset=citeseer net-seed=5687 verbose=0,,551,citeseer,0.5,400,16,0.0005,0.01,5687,20,0,1,0.9916666746139526,0.6496617197990417,0.6959999799728394,1.3874366283416748,0.6800000071525574,1.3822863101959229,0.81512451171875,0.9333333373069763
97d748d0,GCN|gcn:train,2020-04-11 20:22:02,0:00:31,completed,data-seed=1353 dataset=pubmed net-seed=5687 verbose=0,,1353,pubmed,0.5,400,16,0.0005,0.01,5687,20,0,1,0.9833333492279053,0.408927857875824,0.7490000128746033,0.7901930212974548,0.7059999704360962,0.8539267182350159,0.5096924304962158,0.8666666746139526
87e92601,GCN|gcn:train,2020-04-11 20:21:36,0:00:21,completed,data-seed=1353 net-seed=5687 verbose=0,,1353,cora,0.5,400,16,0.0005,0.01,5687,20,0,1,0.9785714149475098,0.5918044447898865,0.777999997138977,1.1010961532592773,0.7820000052452087,1.1028153896331787,0.795147180557251,0.9071428775787354
210a4f49,GCN|gcn:train,2020-04-11 20:20:32,0:00:59,completed,data-seed=1353 dataset=citeseer net-seed=5687 verbose=0,,1353,citeseer,0.5,400,16,0.0005,0.01,5687,20,0,1,0.9916666746139526,0.6228687763214111,0.7170000076293945,1.3205071687698364,0.7139999866485596,1.3354398012161255,0.756985068321228,0.9083333611488342
dfabf7c4,GCN|gcn:train,2020-04-11 20:19:58,0:00:30,completed,data-seed=9516 dataset=pubmed net-seed=5687 verbose=0,,9516,pubmed,0.5,400,16,0.0005,0.01,5687,20,0,1,1.0,0.3462944030761719,0.7540000081062317,0.7871748208999634,0.7260000109672546,0.8224232196807861,0.3832801878452301,0.9666666388511658
42c4168d,GCN|gcn:train,2020-04-11 20:19:26,0:00:27,completed,data-seed=9516 net-seed=5687 verbose=0,,9516,cora,0.5,400,16,0.0005,0.01,5687,20,0,1,0.9785714149475098,0.5752230286598206,0.8019999861717224,1.0744093656539917,0.7820000052452087,1.1220579147338867,0.7034436464309692,0.9214285612106323
fad24c7b,GCN|gcn:train,2020-04-11 20:18:23,0:00:59,completed,data-seed=9516 dataset=citeseer net-seed=5687 verbose=0,,9516,citeseer,0.5,400,16,0.0005,0.01,5687,20,0,1,1.0,0.6814538240432739,0.6919999718666077,1.397998332977295,0.6660000085830688,1.4476169347763062,0.8120723366737366,0.9333333373069763
80a0387e,GCN|gcn:evaluate,2020-04-11 20:18:15,2:07:33,completed,,,,,,,,,,,,,1,0.9857142567634583,0.5882123708724976,0.7900000214576721,1.084521770477295,0.8320000171661377,1.0421161651611328,0.7892183661460876,0.9214285612106323
