run,operation,started,time,status,label,checkpoint-path,data-seed,dataset,dropout-rate,epochs,hidden-units,l2-weight,learning-rate,net-seed,num-polynomials,verbose,step,best_accuracy,best_loss,best_test_accuracy,best_test_loss,best_val_accuracy,best_val_loss,epoch_loss,epoch_masked_accuracy
8ea17b5a,ChebNet|chebnet:train-pubmed,2020-04-11 12:38:24,0:00:37,completed,data-seed=5687 epochs=1000 net-seed=6473 verbose=0,,5687,pubmed,0.5,1000,16,0.0005,0.01,6473,4,0,1,1.0,0.1550174206495285,0.6949999928474426,0.8622617721557617,0.75,0.7813562750816345,0.1965915560722351,1.0
9a785b25,ChebNet|chebnet:train-pubmed,2020-04-11 12:37:29,0:00:50,completed,data-seed=5687 epochs=1000 net-seed=872 verbose=0,,5687,pubmed,0.5,1000,16,0.0005,0.01,872,4,0,1,1.0,0.12177488207817078,0.7419999837875366,0.7742271423339844,0.7599999904632568,0.7738484144210815,0.1563345491886139,1.0
2117797d,ChebNet|chebnet:train-pubmed,2020-04-11 12:36:41,0:00:44,completed,data-seed=5687 epochs=1000 net-seed=8964 verbose=0,,5687,pubmed,0.5,1000,16,0.0005,0.01,8964,4,0,1,1.0,0.1367291957139969,0.765999972820282,0.7527757883071899,0.7799999713897705,0.748497486114502,0.17507246136665344,1.0
2cd233c3,ChebNet|chebnet:train-pubmed,2020-04-11 12:36:11,0:00:26,completed,data-seed=5687 epochs=1000 net-seed=5688 verbose=0,,5687,pubmed,0.5,1000,16,0.0005,0.01,5688,4,0,1,1.0,0.25410401821136475,0.734000027179718,0.8239814639091492,0.7459999918937683,0.8180153965950012,0.28483453392982483,1.0
b17fb01d,ChebNet|chebnet:train-pubmed,2020-04-11 12:35:41,0:00:25,completed,data-seed=5687 epochs=1000 net-seed=6608 verbose=0,,5687,pubmed,0.5,1000,16,0.0005,0.01,6608,4,0,1,1.0,0.2544325590133667,0.765999972820282,0.8130468726158142,0.7820000052452087,0.8360224366188049,0.2868333160877228,0.9833333492279053
d49a618f,ChebNet|chebnet:train-pubmed,2020-04-11 12:34:55,0:00:42,completed,data-seed=5687 epochs=1000 net-seed=9399 verbose=0,,5687,pubmed,0.5,1000,16,0.0005,0.01,9399,4,0,1,1.0,0.13286687433719635,0.7450000047683716,0.790777862071991,0.7599999904632568,0.7813720107078552,0.1632053256034851,1.0
a126a580,ChebNet|chebnet:train-pubmed,2020-04-11 12:34:08,0:00:43,completed,data-seed=5687 epochs=1000 net-seed=4975 verbose=0,,5687,pubmed,0.5,1000,16,0.0005,0.01,4975,4,0,1,1.0,0.1477169394493103,0.7480000257492065,0.782642662525177,0.7699999809265137,0.775126039981842,0.1919434368610382,1.0
8ccbe4f0,ChebNet|chebnet:train-pubmed,2020-04-11 12:32:56,0:01:08,completed,data-seed=5687 epochs=1000 net-seed=551 verbose=0,,5687,pubmed,0.5,1000,16,0.0005,0.01,551,4,0,1,1.0,0.10801815986633301,0.7409999966621399,0.7891824245452881,0.7820000052452087,0.7512080669403076,0.14916643500328064,1.0
9bb88781,ChebNet|chebnet:train-pubmed,2020-04-11 12:31:59,0:00:52,completed,data-seed=5687 epochs=1000 net-seed=1353 verbose=0,,5687,pubmed,0.5,1000,16,0.0005,0.01,1353,4,0,1,1.0,0.13018706440925598,0.7419999837875366,0.7760754823684692,0.7760000228881836,0.7521728873252869,0.1749868094921112,1.0
378343de,ChebNet|chebnet:train-pubmed,2020-04-11 12:31:20,0:00:34,completed,data-seed=5687 epochs=1000 net-seed=9516 verbose=0,,5687,pubmed,0.5,1000,16,0.0005,0.01,9516,4,0,1,1.0,0.21227364242076874,0.6769999861717224,0.8960070610046387,0.734000027179718,0.8291001915931702,0.28421705961227417,1.0
b60c91c6,ChebNet|chebnet:train-cora,2020-04-11 12:30:53,0:00:18,completed,data-seed=5687 epochs=1000 net-seed=6473 verbose=0,,5687,cora,0.5,1000,16,0.0005,0.01,6473,3,0,1,1.0,0.27807214856147766,0.7440000176429749,1.0269889831542969,0.7120000123977661,1.1417256593704224,0.41280704736709595,1.0
54dec605,ChebNet|chebnet:train-cora,2020-04-11 12:30:30,0:00:18,completed,data-seed=5687 epochs=1000 net-seed=872 verbose=0,,5687,cora,0.5,1000,16,0.0005,0.01,872,3,0,1,1.0,0.2724081575870514,0.7379999756813049,1.0253173112869263,0.6800000071525574,1.1471529006958008,0.39273494482040405,0.9928571581840515
d6f1ccfc,ChebNet|chebnet:train-cora,2020-04-11 12:30:07,0:00:17,completed,data-seed=5687 epochs=1000 net-seed=8964 verbose=0,,5687,cora,0.5,1000,16,0.0005,0.01,8964,3,0,1,1.0,0.2619308531284332,0.8149999976158142,0.8928781747817993,0.7739999890327454,1.0149661302566528,0.3581289052963257,1.0
062e80d6,ChebNet|chebnet:train-cora,2020-04-11 12:29:46,0:00:16,completed,data-seed=5687 epochs=1000 net-seed=5688 verbose=0,,5687,cora,0.5,1000,16,0.0005,0.01,5688,3,0,1,1.0,0.28455665707588196,0.7599999904632568,0.9882559180259705,0.722000002861023,1.1145710945129395,0.39124488830566406,1.0
a9a96efd,ChebNet|chebnet:train-cora,2020-04-11 12:29:29,0:00:13,completed,data-seed=5687 epochs=1000 net-seed=6608 verbose=0,,5687,cora,0.5,1000,16,0.0005,0.01,6608,3,0,1,1.0,0.2872137427330017,0.800000011920929,0.9538390040397644,0.722000002861023,1.072954535484314,0.3948255777359009,0.9857142567634583
30e3a4bd,ChebNet|chebnet:train-cora,2020-04-11 12:29:08,0:00:16,completed,data-seed=5687 epochs=1000 net-seed=9399 verbose=0,,5687,cora,0.5,1000,16,0.0005,0.01,9399,3,0,1,1.0,0.2586815655231476,0.8100000023841858,0.888130247592926,0.7440000176429749,1.0156571865081787,0.3635968565940857,0.9785714149475098
6263bccc,ChebNet|chebnet:train-cora,2020-04-11 12:28:47,0:00:16,completed,data-seed=5687 epochs=1000 net-seed=4975 verbose=0,,5687,cora,0.5,1000,16,0.0005,0.01,4975,3,0,1,1.0,0.2843581438064575,0.7820000052452087,1.00395667552948,0.7279999852180481,1.1117514371871948,0.4283126890659332,0.9714285731315613
393fee8f,ChebNet|chebnet:train-cora,2020-04-11 12:28:25,0:00:17,completed,data-seed=5687 epochs=1000 net-seed=551 verbose=0,,5687,cora,0.5,1000,16,0.0005,0.01,551,3,0,1,1.0,0.30108925700187683,0.7900000214576721,1.0046088695526123,0.75,1.1160492897033691,0.4196200370788574,1.0
21902af5,ChebNet|chebnet:train-cora,2020-04-11 12:28:04,0:00:16,completed,data-seed=5687 epochs=1000 net-seed=1353 verbose=0,,5687,cora,0.5,1000,16,0.0005,0.01,1353,3,0,1,1.0,0.2746502757072449,0.796999990940094,0.9301654696464539,0.7540000081062317,1.0483548641204834,0.38444310426712036,0.9857142567634583
1abd6729,ChebNet|chebnet:train-cora,2020-04-11 12:27:40,0:00:18,completed,data-seed=5687 epochs=1000 net-seed=9516 verbose=0,,5687,cora,0.5,1000,16,0.0005,0.01,9516,3,0,1,1.0,0.23385214805603027,0.8040000200271606,0.8849421739578247,0.7419999837875366,0.9982529282569885,0.33276045322418213,0.9642857313156128
a8ec3cc3,ChebNet|chebnet:train-citeseer,2020-04-11 12:27:07,0:00:24,completed,data-seed=5687 epochs=1000 net-seed=6473 verbose=0,,5687,citeseer,0.5,1000,16,0.0005,0.01,6473,4,0,1,1.0,0.29294291138648987,0.6570000052452087,1.2262510061264038,0.6660000085830688,1.229215145111084,0.3934975862503052,0.9833333492279053
dea79742,ChebNet|chebnet:train-citeseer,2020-04-11 12:26:38,0:00:24,completed,data-seed=5687 epochs=1000 net-seed=872 verbose=0,,5687,citeseer,0.5,1000,16,0.0005,0.01,872,4,0,1,1.0,0.267686665058136,0.675000011920929,1.1907742023468018,0.6800000071525574,1.2092573642730713,0.3687516450881958,0.9916666746139526
337a0a39,ChebNet|chebnet:train-citeseer,2020-04-11 12:26:13,0:00:20,completed,data-seed=5687 epochs=1000 net-seed=8964 verbose=0,,5687,citeseer,0.5,1000,16,0.0005,0.01,8964,4,0,1,1.0,0.33159321546554565,0.656000018119812,1.2532809972763062,0.6679999828338623,1.2788405418395996,0.4214414358139038,0.9916666746139526
4bb67373,ChebNet|chebnet:train-citeseer,2020-04-11 12:25:47,0:00:22,completed,data-seed=5687 epochs=1000 net-seed=5688 verbose=0,,5687,citeseer,0.5,1000,16,0.0005,0.01,5688,4,0,1,1.0,0.2909185290336609,0.6480000019073486,1.2329946756362915,0.6819999814033508,1.231803059577942,0.4105021059513092,0.9666666388511658
f1ddd2f0,ChebNet|chebnet:train-citeseer,2020-04-11 12:25:19,0:00:24,completed,data-seed=5687 epochs=1000 net-seed=6608 verbose=0,,5687,citeseer,0.5,1000,16,0.0005,0.01,6608,4,0,1,1.0,0.2630952000617981,0.671999990940094,1.2071036100387573,0.6620000004768372,1.2209281921386719,0.3511694371700287,1.0
618ec20b,ChebNet|chebnet:train-citeseer,2020-04-11 12:24:50,0:00:24,completed,data-seed=5687 epochs=1000 net-seed=9399 verbose=0,,5687,citeseer,0.5,1000,16,0.0005,0.01,9399,4,0,1,1.0,0.2803829312324524,0.6650000214576721,1.2371045351028442,0.6840000152587891,1.2682527303695679,0.36779287457466125,0.9750000238418579
efef7090,ChebNet|chebnet:train-citeseer,2020-04-11 12:24:24,0:00:22,completed,data-seed=5687 epochs=1000 net-seed=4975 verbose=0,,5687,citeseer,0.5,1000,16,0.0005,0.01,4975,4,0,1,1.0,0.30811870098114014,0.6639999747276306,1.2385097742080688,0.671999990940094,1.2330636978149414,0.4343312084674835,0.9916666746139526
b2fec549,ChebNet|chebnet:train-citeseer,2020-04-11 12:23:59,0:00:20,completed,data-seed=5687 epochs=1000 net-seed=551 verbose=0,,5687,citeseer,0.5,1000,16,0.0005,0.01,551,4,0,1,1.0,0.34258827567100525,0.6380000114440918,1.335981845855713,0.6420000195503235,1.3439081907272339,0.456626832485199,0.9750000238418579
2bfccb00,ChebNet|chebnet:train-citeseer,2020-04-11 12:23:30,0:00:25,completed,data-seed=5687 epochs=1000 net-seed=1353 verbose=0,,5687,citeseer,0.5,1000,16,0.0005,0.01,1353,4,0,1,1.0,0.28101032972335815,0.6710000038146973,1.2318496704101562,0.699999988079071,1.240557312965393,0.3890320360660553,0.9750000238418579
4fa365e7,ChebNet|chebnet:train-citeseer,2020-04-11 12:23:01,0:00:24,completed,data-seed=5687 epochs=1000 net-seed=9516 verbose=0,,5687,citeseer,0.5,1000,16,0.0005,0.01,9516,4,0,1,1.0,0.27064138650894165,0.6570000052452087,1.21526300907135,0.6800000071525574,1.2315807342529297,0.345447838306427,0.9916666746139526
cff55b2e,ChebNet|chebnet:train-pubmed,2020-04-11 12:22:25,0:00:28,completed,data-seed=6473 epochs=1000 net-seed=5687 verbose=0,,6473,pubmed,0.5,1000,16,0.0005,0.01,5687,4,0,1,1.0,0.2783582806587219,0.5979999899864197,0.9708329439163208,0.6140000224113464,0.9640249013900757,0.37978479266166687,0.9666666388511658
ac7872a5,ChebNet|chebnet:train-pubmed,2020-04-11 12:21:51,0:00:29,completed,data-seed=872 epochs=1000 net-seed=5687 verbose=0,,872,pubmed,0.5,1000,16,0.0005,0.01,5687,4,0,1,1.0,0.19088806211948395,0.6869999766349792,0.8985727429389954,0.6940000057220459,0.8497473001480103,0.23560628294944763,1.0
c8bb38ce,ChebNet|chebnet:train-pubmed,2020-04-11 12:21:20,0:00:26,completed,data-seed=8964 epochs=1000 net-seed=5687 verbose=0,,8964,pubmed,0.5,1000,16,0.0005,0.01,5687,4,0,1,1.0,0.2761949300765991,0.6539999842643738,0.9267238974571228,0.6299999952316284,0.9990684390068054,0.3419109880924225,0.9833333492279053
62b3b507,ChebNet|chebnet:train-pubmed,2020-04-11 12:20:48,0:00:28,completed,data-seed=5688 epochs=1000 net-seed=5687 verbose=0,,5688,pubmed,0.5,1000,16,0.0005,0.01,5687,4,0,1,1.0,0.24162176251411438,0.5879999995231628,0.9959416389465332,0.6000000238418579,0.9736593961715698,0.3265957534313202,0.9666666388511658
5c7a9696,ChebNet|chebnet:train-pubmed,2020-04-11 12:20:19,0:00:25,completed,data-seed=6608 epochs=1000 net-seed=5687 verbose=0,,6608,pubmed,0.5,1000,16,0.0005,0.01,5687,4,0,1,1.0,0.25552019476890564,0.671999990940094,0.9578459858894348,0.6800000071525574,0.9451489448547363,0.31197389960289,0.9666666388511658
14165ef4,ChebNet|chebnet:train-pubmed,2020-04-11 12:19:47,0:00:27,completed,data-seed=9399 epochs=1000 net-seed=5687 verbose=0,,9399,pubmed,0.5,1000,16,0.0005,0.01,5687,4,0,1,1.0,0.26465457677841187,0.7080000042915344,0.8522229194641113,0.7120000123977661,0.8741562366485596,0.3707071542739868,0.949999988079071
ebd59cb7,ChebNet|chebnet:train-pubmed,2020-04-11 12:19:18,0:00:25,completed,data-seed=4975 epochs=1000 net-seed=5687 verbose=0,,4975,pubmed,0.5,1000,16,0.0005,0.01,5687,4,0,1,1.0,0.2669355273246765,0.7379999756813049,0.8660863041877747,0.6919999718666077,0.8896719813346863,0.3220887780189514,0.9666666388511658
2c0ae723,ChebNet|chebnet:train-pubmed,2020-04-11 12:18:48,0:00:26,completed,data-seed=551 epochs=1000 net-seed=5687 verbose=0,,551,pubmed,0.5,1000,16,0.0005,0.01,5687,4,0,1,1.0,0.25151515007019043,0.7089999914169312,0.9128700494766235,0.7200000286102295,0.8541771769523621,0.35268211364746094,0.9833333492279053
85e73269,ChebNet|chebnet:train-pubmed,2020-04-11 12:18:10,0:00:33,completed,data-seed=1353 epochs=1000 net-seed=5687 verbose=0,,1353,pubmed,0.5,1000,16,0.0005,0.01,5687,4,0,1,1.0,0.2224220633506775,0.6809999942779541,0.8824150562286377,0.6499999761581421,0.9235600233078003,0.27110788226127625,0.9666666388511658
0d6f6704,ChebNet|chebnet:train-pubmed,2020-04-11 12:17:37,0:00:27,completed,data-seed=9516 epochs=1000 net-seed=5687 verbose=0,,9516,pubmed,0.5,1000,16,0.0005,0.01,5687,4,0,1,1.0,0.25311964750289917,0.6449999809265137,0.9118576049804688,0.6259999871253967,0.9408559799194336,0.3382522463798523,0.9833333492279053
fe43ae41,ChebNet|chebnet:train-cora,2020-04-11 12:17:11,0:00:17,completed,data-seed=6473 epochs=1000 net-seed=5687 verbose=0,,6473,cora,0.5,1000,16,0.0005,0.01,5687,3,0,1,1.0,0.28979992866516113,0.781000018119812,1.0250946283340454,0.7400000095367432,1.0866878032684326,0.4471215307712555,0.9714285731315613
daf63409,ChebNet|chebnet:train-cora,2020-04-11 12:16:54,0:00:12,completed,data-seed=872 epochs=1000 net-seed=5687 verbose=0,,872,cora,0.5,1000,16,0.0005,0.01,5687,3,0,1,1.0,0.2627829313278198,0.7559999823570251,0.9779893755912781,0.7580000162124634,0.9651841521263123,0.3664018213748932,0.9857142567634583
774d70f8,ChebNet|chebnet:train-cora,2020-04-11 12:16:32,0:00:18,completed,data-seed=8964 epochs=1000 net-seed=5687 verbose=0,,8964,cora,0.5,1000,16,0.0005,0.01,5687,3,0,1,1.0,0.2136777639389038,0.8059999942779541,0.8251028060913086,0.7739999890327454,0.8805795311927795,0.29988598823547363,1.0
91e51acb,ChebNet|chebnet:train-cora,2020-04-11 12:16:12,0:00:15,completed,data-seed=5688 epochs=1000 net-seed=5687 verbose=0,,5688,cora,0.5,1000,16,0.0005,0.01,5687,3,0,1,1.0,0.28374260663986206,0.7940000295639038,0.9687954187393188,0.7599999904632568,1.0622875690460205,0.41962701082229614,0.9928571581840515
bcd6395d,ChebNet|chebnet:train-cora,2020-04-11 12:15:55,0:00:13,completed,data-seed=6608 epochs=1000 net-seed=5687 verbose=0,,6608,cora,0.5,1000,16,0.0005,0.01,5687,3,0,1,1.0,0.2728953957557678,0.7590000033378601,1.0257941484451294,0.7519999742507935,1.0476337671279907,0.36223748326301575,0.9928571581840515
da721e17,ChebNet|chebnet:train-cora,2020-04-11 12:15:36,0:00:14,completed,data-seed=9399 epochs=1000 net-seed=5687 verbose=0,,9399,cora,0.5,1000,16,0.0005,0.01,5687,3,0,1,1.0,0.3194185793399811,0.7390000224113464,1.1025359630584717,0.7599999904632568,1.1047619581222534,0.4382414221763611,0.9928571581840515
1f856fda,ChebNet|chebnet:train-cora,2020-04-11 12:15:17,0:00:15,completed,data-seed=4975 epochs=1000 net-seed=5687 verbose=0,,4975,cora,0.5,1000,16,0.0005,0.01,5687,3,0,1,1.0,0.29188528656959534,0.7620000243186951,1.0614140033721924,0.7360000014305115,1.1118528842926025,0.3922821283340454,0.9928571581840515
c58f02a4,ChebNet|chebnet:train-cora,2020-04-11 12:14:58,0:00:14,completed,data-seed=551 epochs=1000 net-seed=5687 verbose=0,,551,cora,0.5,1000,16,0.0005,0.01,5687,3,0,1,1.0,0.23978707194328308,0.7710000276565552,0.9546087980270386,0.7839999794960022,0.9072335958480835,0.35207289457321167,0.9857142567634583
d0987db8,ChebNet|chebnet:train-cora,2020-04-11 12:14:37,0:00:17,completed,data-seed=1353 epochs=1000 net-seed=5687 verbose=0,,1353,cora,0.5,1000,16,0.0005,0.01,5687,3,0,1,1.0,0.3119787573814392,0.7459999918937683,1.0674291849136353,0.7620000243186951,1.0625760555267334,0.40880340337753296,0.9928571581840515
0cdb5019,ChebNet|chebnet:train-cora,2020-04-11 12:14:17,0:00:15,completed,data-seed=9516 epochs=1000 net-seed=5687 verbose=0,,9516,cora,0.5,1000,16,0.0005,0.01,5687,3,0,1,1.0,0.26073119044303894,0.7860000133514404,0.9267471432685852,0.7720000147819519,0.9436294436454773,0.36253806948661804,0.9928571581840515
86b21a34,ChebNet|chebnet:train-citeseer,2020-04-11 12:13:43,0:00:24,completed,data-seed=6473 epochs=1000 net-seed=5687 verbose=0,,6473,citeseer,0.5,1000,16,0.0005,0.01,5687,4,0,1,1.0,0.2701072096824646,0.6830000281333923,1.2080281972885132,0.6600000262260437,1.2032299041748047,0.36034196615219116,0.9916666746139526
b03b6633,ChebNet|chebnet:train-citeseer,2020-04-11 12:13:11,0:00:28,completed,data-seed=872 epochs=1000 net-seed=5687 verbose=0,,872,citeseer,0.5,1000,16,0.0005,0.01,5687,4,0,1,1.0,0.2823745310306549,0.6769999861717224,1.1945663690567017,0.6480000019073486,1.2470635175704956,0.3891926407814026,0.9833333492279053
1165408c,ChebNet|chebnet:train-citeseer,2020-04-11 12:12:47,0:00:20,completed,data-seed=8964 epochs=1000 net-seed=5687 verbose=0,,8964,citeseer,0.5,1000,16,0.0005,0.01,5687,4,0,1,1.0,0.3159947097301483,0.6809999942779541,1.1751108169555664,0.7239999771118164,1.1405603885650635,0.40801429748535156,0.9750000238418579
bbb51f94,ChebNet|chebnet:train-citeseer,2020-04-11 12:12:19,0:00:24,completed,data-seed=5688 epochs=1000 net-seed=5687 verbose=0,,5688,citeseer,0.5,1000,16,0.0005,0.01,5687,4,0,1,1.0,0.2855444848537445,0.6330000162124634,1.2973307371139526,0.6740000247955322,1.2525562047958374,0.3472651541233063,0.9916666746139526
613dd2c9,ChebNet|chebnet:train-citeseer,2020-04-11 12:11:47,0:00:27,completed,data-seed=6608 epochs=1000 net-seed=5687 verbose=0,,6608,citeseer,0.5,1000,16,0.0005,0.01,5687,4,0,1,1.0,0.25264012813568115,0.6729999780654907,1.2247438430786133,0.6919999718666077,1.1730279922485352,0.3162955045700073,0.9916666746139526
7dff1a20,ChebNet|chebnet:train-citeseer,2020-04-11 12:11:18,0:00:24,completed,data-seed=9399 epochs=1000 net-seed=5687 verbose=0,,9399,citeseer,0.5,1000,16,0.0005,0.01,5687,4,0,1,1.0,0.2847294211387634,0.6489999890327454,1.2173833847045898,0.6959999799728394,1.115952491760254,0.37660449743270874,0.9916666746139526
e6f6f95b,ChebNet|chebnet:train-citeseer,2020-04-11 12:10:50,0:00:24,completed,data-seed=4975 epochs=1000 net-seed=5687 verbose=0,,4975,citeseer,0.5,1000,16,0.0005,0.01,5687,4,0,1,1.0,0.24072496592998505,0.6380000114440918,1.2353625297546387,0.7039999961853027,1.1039745807647705,0.3155874013900757,1.0
effda46c,ChebNet|chebnet:train-citeseer,2020-04-11 12:10:18,0:00:26,completed,data-seed=551 epochs=1000 net-seed=5687 verbose=0,,551,citeseer,0.5,1000,16,0.0005,0.01,5687,4,0,1,1.0,0.2915670871734619,0.703000009059906,1.175511360168457,0.6880000233650208,1.175344467163086,0.38574299216270447,1.0
1177e7dd,ChebNet|chebnet:train-citeseer,2020-04-11 12:09:48,0:00:26,completed,data-seed=1353 epochs=1000 net-seed=5687 verbose=0,,1353,citeseer,0.5,1000,16,0.0005,0.01,5687,4,0,1,1.0,0.21804779767990112,0.7099999785423279,1.0973684787750244,0.7120000123977661,1.0634422302246094,0.28299224376678467,0.9916666746139526
10b5f413,ChebNet|chebnet:train-citeseer,2020-04-11 12:09:16,0:00:28,completed,data-seed=9516 epochs=1000 net-seed=5687 verbose=0,,9516,citeseer,0.5,1000,16,0.0005,0.01,5687,4,0,1,1.0,0.2821508049964905,0.7200000286102295,1.1297857761383057,0.6740000247955322,1.2030315399169922,0.3693663477897644,0.9916666746139526
717af7b0,ChebNet|chebnet:evaluate,2020-04-11 12:09:07,0:29:55,completed,,,,,,,,,,,,,1,1.0,0.2821508049964905,0.7200000286102295,1.1297857761383057,0.6740000247955322,1.2030315399169922,0.3693663477897644,0.9916666746139526
6912c44f,ChebNet|chebnet:train-cora,2020-04-11 11:54:53,,terminated,data-seed=4975 epochs=1000 net-seed=5687 verbose=0,,4975,cora,0.5,1000,16,0.0005,0.01,5687,3,0,96,,,,,,,0.3922821283340454,0.9928571581840515
6d7176a4,ChebNet|chebnet:train-cora,2020-04-11 11:54:35,0:00:13,completed,data-seed=551 epochs=1000 net-seed=5687 verbose=0,,551,cora,0.5,1000,16,0.0005,0.01,5687,3,0,136,,,,,,,0.35207289457321167,0.9857142567634583
f12f3012,ChebNet|chebnet:train-cora,2020-04-11 11:54:14,0:00:17,completed,data-seed=1353 epochs=1000 net-seed=5687 verbose=0,,1353,cora,0.5,1000,16,0.0005,0.01,5687,3,0,95,,,,,,,0.40880340337753296,0.9928571581840515
ddc57fc6,ChebNet|chebnet:train-cora,2020-04-11 11:53:54,0:00:15,completed,data-seed=9516 epochs=1000 net-seed=5687 verbose=0,,9516,cora,0.5,1000,16,0.0005,0.01,5687,3,0,110,,,,,,,0.36253806948661804,0.9928571581840515
4170c43d,ChebNet|chebnet:train-citeseer,2020-04-11 11:53:21,0:00:24,completed,data-seed=6473 epochs=1000 net-seed=5687 verbose=0,,6473,citeseer,0.5,1000,16,0.0005,0.01,5687,4,0,109,,,,,,,0.36034196615219116,0.9916666746139526
d8033774,ChebNet|chebnet:train-citeseer,2020-04-11 11:52:49,0:00:27,completed,data-seed=872 epochs=1000 net-seed=5687 verbose=0,,872,citeseer,0.5,1000,16,0.0005,0.01,5687,4,0,95,,,,,,,0.3891926407814026,0.9833333492279053
c15212c7,ChebNet|chebnet:train-citeseer,2020-04-11 11:52:25,0:00:20,completed,data-seed=8964 epochs=1000 net-seed=5687 verbose=0,,8964,citeseer,0.5,1000,16,0.0005,0.01,5687,4,0,72,,,,,,,0.40801432728767395,0.9750000238418579
01ec8ba0,ChebNet|chebnet:train-citeseer,2020-04-11 11:51:57,0:00:23,completed,data-seed=5688 epochs=1000 net-seed=5687 verbose=0,,5688,citeseer,0.5,1000,16,0.0005,0.01,5687,4,0,83,,,,,,,0.34726518392562866,0.9916666746139526
e7b0f868,ChebNet|chebnet:train-citeseer,2020-04-11 11:51:26,0:00:26,completed,data-seed=6608 epochs=1000 net-seed=5687 verbose=0,,6608,citeseer,0.5,1000,16,0.0005,0.01,5687,4,0,123,,,,,,,0.3162955045700073,0.9916666746139526
78dc6629,ChebNet|chebnet:train-citeseer,2020-04-11 11:50:58,0:00:24,completed,data-seed=9399 epochs=1000 net-seed=5687 verbose=0,,9399,citeseer,0.5,1000,16,0.0005,0.01,5687,4,0,81,,,,,,,0.37660449743270874,0.9916666746139526
49d6e550,ChebNet|chebnet:train-citeseer,2020-04-11 11:50:31,0:00:23,completed,data-seed=4975 epochs=1000 net-seed=5687 verbose=0,,4975,citeseer,0.5,1000,16,0.0005,0.01,5687,4,0,110,,,,,,,0.31558743119239807,1.0
4eff410a,ChebNet|chebnet:train-citeseer,2020-04-11 11:50:00,0:00:26,completed,data-seed=551 epochs=1000 net-seed=5687 verbose=0,,551,citeseer,0.5,1000,16,0.0005,0.01,5687,4,0,89,,,,,,,0.38574299216270447,1.0
f6bcabf9,ChebNet|chebnet:train-citeseer,2020-04-11 11:49:31,0:00:25,completed,data-seed=1353 epochs=1000 net-seed=5687 verbose=0,,1353,citeseer,0.5,1000,16,0.0005,0.01,5687,4,0,123,,,,,,,0.28299224376678467,0.9916666746139526
e3d150a1,ChebNet|chebnet:train-citeseer,2020-04-11 11:49:01,0:00:25,completed,data-seed=9516 epochs=1000 net-seed=5687 verbose=0,,9516,citeseer,0.5,1000,16,0.0005,0.01,5687,4,0,93,,,,,,,0.369366317987442,0.9916666746139526
7d8f7816,ChebNet|chebnet:evaluate,2020-04-11 11:48:54,,terminated,,,,,,,,,,,,,83,,,,,,,0.34726518392562866,0.9916666746139526
ffb7dddc,ChebNet|chebnet:train-pubmed,2020-04-10 18:34:01,0:00:35,completed,data-seed=5687 epochs=1000 net-seed=6473 verbose=0,,5687,pubmed,0.5,1000,16,0.0005,0.01,6473,4,0,71,,,,,,,0.1965915858745575,1.0
868a9e59,ChebNet|chebnet:train-pubmed,2020-04-10 18:33:14,0:00:43,completed,data-seed=5687 epochs=1000 net-seed=872 verbose=0,,5687,pubmed,0.5,1000,16,0.0005,0.01,872,4,0,112,,,,,,,0.1563345491886139,1.0
250376d8,ChebNet|chebnet:train-pubmed,2020-04-10 18:32:28,0:00:43,completed,data-seed=5687 epochs=1000 net-seed=8964 verbose=0,,5687,pubmed,0.5,1000,16,0.0005,0.01,8964,4,0,101,,,,,,,0.17507246136665344,1.0
977dad3d,ChebNet|chebnet:train-pubmed,2020-04-10 18:31:59,0:00:24,completed,data-seed=5687 epochs=1000 net-seed=5688 verbose=0,,5687,pubmed,0.5,1000,16,0.0005,0.01,5688,4,0,39,,,,,,,0.2848345637321472,1.0
959e49a3,ChebNet|chebnet:train-pubmed,2020-04-10 18:31:30,0:00:25,completed,data-seed=5687 epochs=1000 net-seed=6608 verbose=0,,5687,pubmed,0.5,1000,16,0.0005,0.01,6608,4,0,38,,,,,,,0.28683334589004517,0.9833333492279053
4aad149e,ChebNet|chebnet:train-pubmed,2020-04-10 18:30:48,0:00:38,completed,data-seed=5687 epochs=1000 net-seed=9399 verbose=0,,5687,pubmed,0.5,1000,16,0.0005,0.01,9399,4,0,94,,,,,,,0.1632053256034851,1.0
78b17970,ChebNet|chebnet:train-pubmed,2020-04-10 18:30:04,0:00:39,completed,data-seed=5687 epochs=1000 net-seed=4975 verbose=0,,5687,pubmed,0.5,1000,16,0.0005,0.01,4975,4,0,88,,,,,,,0.1919434368610382,1.0
ce1e19cb,ChebNet|chebnet:train-pubmed,2020-04-10 18:29:05,0:00:55,completed,data-seed=5687 epochs=1000 net-seed=551 verbose=0,,5687,pubmed,0.5,1000,16,0.0005,0.01,551,4,0,151,,,,,,,0.14916643500328064,1.0
e77c0dce,ChebNet|chebnet:train-pubmed,2020-04-10 18:28:18,0:00:43,completed,data-seed=5687 epochs=1000 net-seed=1353 verbose=0,,5687,pubmed,0.5,1000,16,0.0005,0.01,1353,4,0,102,,,,,,,0.1749868094921112,1.0
8f8c9d5b,ChebNet|chebnet:train-pubmed,2020-04-10 18:27:44,0:00:31,completed,data-seed=5687 epochs=1000 net-seed=9516 verbose=0,,5687,pubmed,0.5,1000,16,0.0005,0.01,9516,4,0,50,,,,,,,0.28421708941459656,1.0
e5dc6652,ChebNet|chebnet:train-cora,2020-04-10 18:27:18,0:00:17,completed,data-seed=5687 epochs=1000 net-seed=6473 verbose=0,,5687,cora,0.5,1000,16,0.0005,0.01,6473,3,0,104,,,,,,,0.41280707716941833,1.0
fe51600b,ChebNet|chebnet:train-cora,2020-04-10 18:26:57,0:00:16,completed,data-seed=5687 epochs=1000 net-seed=872 verbose=0,,5687,cora,0.5,1000,16,0.0005,0.01,872,3,0,109,,,,,,,0.39273494482040405,0.9928571581840515
6c08b082,ChebNet|chebnet:train-cora,2020-04-10 18:26:35,0:00:17,completed,data-seed=5687 epochs=1000 net-seed=8964 verbose=0,,5687,cora,0.5,1000,16,0.0005,0.01,8964,3,0,121,,,,,,,0.35812893509864807,1.0
7e3e17ba,ChebNet|chebnet:train-cora,2020-04-10 18:26:14,0:00:17,completed,data-seed=5687 epochs=1000 net-seed=5688 verbose=0,,5687,cora,0.5,1000,16,0.0005,0.01,5688,3,0,106,,,,,,,0.3912448287010193,1.0
0b65a618,ChebNet|chebnet:train-cora,2020-04-10 18:25:53,0:00:16,completed,data-seed=5687 epochs=1000 net-seed=6608 verbose=0,,5687,cora,0.5,1000,16,0.0005,0.01,6608,3,0,100,,,,,,,0.3948255777359009,0.9857142567634583
65b11a66,ChebNet|chebnet:train-cora,2020-04-10 18:25:37,0:00:11,completed,data-seed=5687 epochs=1000 net-seed=9399 verbose=0,,5687,cora,0.5,1000,16,0.0005,0.01,9399,3,0,121,,,,,,,0.3635968565940857,0.9785714149475098
ff6d8a5b,ChebNet|chebnet:train-cora,2020-04-10 18:25:20,0:00:14,completed,data-seed=5687 epochs=1000 net-seed=4975 verbose=0,,5687,cora,0.5,1000,16,0.0005,0.01,4975,3,0,101,,,,,,,0.42831265926361084,0.9714285731315613
4d612d1a,ChebNet|chebnet:train-cora,2020-04-10 18:25:00,0:00:15,completed,data-seed=5687 epochs=1000 net-seed=551 verbose=0,,5687,cora,0.5,1000,16,0.0005,0.01,551,3,0,91,,,,,,,0.4196200370788574,1.0
86089761,ChebNet|chebnet:train-cora,2020-04-10 18:24:40,0:00:15,completed,data-seed=5687 epochs=1000 net-seed=1353 verbose=0,,5687,cora,0.5,1000,16,0.0005,0.01,1353,3,0,113,,,,,,,0.38444310426712036,0.9857142567634583
f8c55b1d,ChebNet|chebnet:train-cora,2020-04-10 18:24:17,0:00:18,completed,data-seed=5687 epochs=1000 net-seed=9516 verbose=0,,5687,cora,0.5,1000,16,0.0005,0.01,9516,3,0,145,,,,,,,0.33276039361953735,0.9642857313156128
606a348e,ChebNet|chebnet:train-citeseer,2020-04-10 18:23:41,0:00:26,completed,data-seed=5687 epochs=1000 net-seed=6473 verbose=0,,5687,citeseer,0.5,1000,16,0.0005,0.01,6473,4,0,96,,,,,,,0.3934975862503052,0.9833333492279053
06bc897f,ChebNet|chebnet:train-citeseer,2020-04-10 18:23:14,0:00:23,completed,data-seed=5687 epochs=1000 net-seed=872 verbose=0,,5687,citeseer,0.5,1000,16,0.0005,0.01,872,4,0,118,,,,,,,0.3687516450881958,0.9916666746139526
598f634c,ChebNet|chebnet:train-citeseer,2020-04-10 18:22:52,0:00:19,completed,data-seed=5687 epochs=1000 net-seed=8964 verbose=0,,5687,citeseer,0.5,1000,16,0.0005,0.01,8964,4,0,78,,,,,,,0.4214414358139038,0.9916666746139526
741d02b7,ChebNet|chebnet:train-citeseer,2020-04-10 18:22:29,0:00:19,completed,data-seed=5687 epochs=1000 net-seed=5688 verbose=0,,5687,citeseer,0.5,1000,16,0.0005,0.01,5688,4,0,95,,,,,,,0.4105020761489868,0.9666666388511658
56f42ad4,ChebNet|chebnet:train-citeseer,2020-04-10 18:22:02,0:00:24,completed,data-seed=5687 epochs=1000 net-seed=6608 verbose=0,,5687,citeseer,0.5,1000,16,0.0005,0.01,6608,4,0,120,,,,,,,0.3511694371700287,1.0
b186fea4,ChebNet|chebnet:train-citeseer,2020-04-10 18:21:36,0:00:22,completed,data-seed=5687 epochs=1000 net-seed=9399 verbose=0,,5687,citeseer,0.5,1000,16,0.0005,0.01,9399,4,0,105,,,,,,,0.36779287457466125,0.9750000238418579
b258add6,ChebNet|chebnet:train-citeseer,2020-04-10 18:21:14,0:00:19,completed,data-seed=5687 epochs=1000 net-seed=4975 verbose=0,,5687,citeseer,0.5,1000,16,0.0005,0.01,4975,4,0,92,,,,,,,0.4343312084674835,0.9916666746139526
7f35e1e0,ChebNet|chebnet:train-citeseer,2020-04-10 18:20:51,0:00:18,completed,data-seed=5687 epochs=1000 net-seed=551 verbose=0,,5687,citeseer,0.5,1000,16,0.0005,0.01,551,4,0,73,,,,,,,0.45663976669311523,0.9750000238418579
b84dda29,ChebNet|chebnet:train-citeseer,2020-04-10 18:20:28,0:00:20,completed,data-seed=5687 epochs=1000 net-seed=1353 verbose=0,,5687,citeseer,0.5,1000,16,0.0005,0.01,1353,4,0,106,,,,,,,0.3890320360660553,0.9750000238418579
c517ee24,ChebNet|chebnet:train-citeseer,2020-04-10 18:20:00,0:00:24,completed,data-seed=5687 epochs=1000 net-seed=9516 verbose=0,,5687,citeseer,0.5,1000,16,0.0005,0.01,9516,4,0,113,,,,,,,0.345447838306427,0.9916666746139526
a0d09613,ChebNet|chebnet:train-pubmed,2020-04-10 18:19:28,0:00:26,completed,data-seed=6473 epochs=1000 net-seed=5687 verbose=0,,6473,pubmed,0.5,1000,16,0.0005,0.01,5687,4,0,37,,,,,,,0.37978479266166687,0.9666666388511658
e12bdef8,ChebNet|chebnet:train-pubmed,2020-04-10 18:18:59,0:00:25,completed,data-seed=872 epochs=1000 net-seed=5687 verbose=0,,872,pubmed,0.5,1000,16,0.0005,0.01,5687,4,0,52,,,,,,,0.23560628294944763,1.0
705495da,ChebNet|chebnet:train-pubmed,2020-04-10 18:18:32,0:00:24,completed,data-seed=8964 epochs=1000 net-seed=5687 verbose=0,,8964,pubmed,0.5,1000,16,0.0005,0.01,5687,4,0,38,,,,,,,0.3419092893600464,0.9833333492279053
cbb2daa0,ChebNet|chebnet:train-pubmed,2020-04-10 18:18:03,0:00:24,completed,data-seed=5688 epochs=1000 net-seed=5687 verbose=0,,5688,pubmed,0.5,1000,16,0.0005,0.01,5687,4,0,41,,,,,,,0.3265957832336426,0.9666666388511658
ac6fad9f,ChebNet|chebnet:train-pubmed,2020-04-10 18:17:36,0:00:23,completed,data-seed=6608 epochs=1000 net-seed=5687 verbose=0,,6608,pubmed,0.5,1000,16,0.0005,0.01,5687,4,0,38,,,,,,,0.31197389960289,0.9666666388511658
eecdac31,ChebNet|chebnet:train-pubmed,2020-04-10 18:17:08,0:00:25,completed,data-seed=9399 epochs=1000 net-seed=5687 verbose=0,,9399,pubmed,0.5,1000,16,0.0005,0.01,5687,4,0,40,,,,,,,0.37070712447166443,0.949999988079071
4ecec1ef,ChebNet|chebnet:train-pubmed,2020-04-10 18:16:41,0:00:22,completed,data-seed=4975 epochs=1000 net-seed=5687 verbose=0,,4975,pubmed,0.5,1000,16,0.0005,0.01,5687,4,0,35,,,,,,,0.3220888078212738,0.9666666388511658
f4814d38,ChebNet|chebnet:train-pubmed,2020-04-10 18:16:11,0:00:26,completed,data-seed=551 epochs=1000 net-seed=5687 verbose=0,,551,pubmed,0.5,1000,16,0.0005,0.01,5687,4,0,38,,,,,,,0.35268211364746094,0.9833333492279053
76da2b96,ChebNet|chebnet:train-pubmed,2020-04-10 18:15:38,0:00:29,completed,data-seed=1353 epochs=1000 net-seed=5687 verbose=0,,1353,pubmed,0.5,1000,16,0.0005,0.01,5687,4,0,50,,,,,,,0.27110788226127625,0.9666666388511658
37dbc159,ChebNet|chebnet:train-pubmed,2020-04-10 18:15:11,0:00:24,completed,data-seed=9516 epochs=1000 net-seed=5687 verbose=0,,9516,pubmed,0.5,1000,16,0.0005,0.01,5687,4,0,42,,,,,,,0.3382522761821747,0.9833333492279053
65f54a99,ChebNet|chebnet:train-cora,2020-04-10 18:14:47,0:00:16,completed,data-seed=6473 epochs=1000 net-seed=5687 verbose=0,,6473,cora,0.5,1000,16,0.0005,0.01,5687,3,0,105,,,,,,,0.4471215307712555,0.9714285731315613
b46e08b9,ChebNet|chebnet:train-cora,2020-04-10 18:14:27,0:00:15,completed,data-seed=872 epochs=1000 net-seed=5687 verbose=0,,872,cora,0.5,1000,16,0.0005,0.01,5687,3,0,122,,,,,,,0.3664018213748932,0.9857142567634583
24722abb,ChebNet|chebnet:train-cora,2020-04-10 18:14:11,0:00:12,completed,data-seed=8964 epochs=1000 net-seed=5687 verbose=0,,8964,cora,0.5,1000,16,0.0005,0.01,5687,3,0,153,,,,,,,0.29988598823547363,1.0
351479dc,ChebNet|chebnet:train-cora,2020-04-10 18:13:54,0:00:13,completed,data-seed=5688 epochs=1000 net-seed=5687 verbose=0,,5688,cora,0.5,1000,16,0.0005,0.01,5687,3,0,102,,,,,,,0.41962701082229614,0.9928571581840515
15f2c5bf,ChebNet|chebnet:train-cora,2020-04-10 18:13:32,0:00:16,completed,data-seed=6608 epochs=1000 net-seed=5687 verbose=0,,6608,cora,0.5,1000,16,0.0005,0.01,5687,3,0,119,,,,,,,0.36223748326301575,0.9928571581840515
1fc99cc3,ChebNet|chebnet:train-cora,2020-04-10 18:13:18,0:00:11,completed,data-seed=9399 epochs=1000 net-seed=5687 verbose=0,,9399,cora,0.5,1000,16,0.0005,0.01,5687,3,0,83,,,,,,,0.4382413625717163,0.9928571581840515
5aa966be,ChebNet|chebnet:train-cora,2020-04-10 18:13:01,0:00:13,completed,data-seed=4975 epochs=1000 net-seed=5687 verbose=0,,4975,cora,0.5,1000,16,0.0005,0.01,5687,3,0,96,,,,,,,0.3922821283340454,0.9928571581840515
709013d2,ChebNet|chebnet:train-cora,2020-04-10 18:12:42,0:00:15,completed,data-seed=551 epochs=1000 net-seed=5687 verbose=0,,551,cora,0.5,1000,16,0.0005,0.01,5687,3,0,136,,,,,,,0.35207289457321167,0.9857142567634583
3c167293,ChebNet|chebnet:train-cora,2020-04-10 18:12:28,0:00:10,completed,data-seed=1353 epochs=1000 net-seed=5687 verbose=0,,1353,cora,0.5,1000,16,0.0005,0.01,5687,3,0,95,,,,,,,0.40880340337753296,0.9928571581840515
c583be04,ChebNet|chebnet:train-cora,2020-04-10 18:12:10,0:00:14,completed,data-seed=9516 epochs=1000 net-seed=5687 verbose=0,,9516,cora,0.5,1000,16,0.0005,0.01,5687,3,0,110,,,,,,,0.36253806948661804,0.9928571581840515
9c5b6d8e,ChebNet|chebnet:train-citeseer,2020-04-10 18:11:38,0:00:24,completed,data-seed=6473 epochs=1000 net-seed=5687 verbose=0,,6473,citeseer,0.5,1000,16,0.0005,0.01,5687,4,0,109,,,,,,,0.36034196615219116,0.9916666746139526
c69d68fa,ChebNet|chebnet:train-citeseer,2020-04-10 18:11:09,0:00:24,completed,data-seed=872 epochs=1000 net-seed=5687 verbose=0,,872,citeseer,0.5,1000,16,0.0005,0.01,5687,4,0,95,,,,,,,0.3891926407814026,0.9833333492279053
9c5aa2f1,ChebNet|chebnet:train-citeseer,2020-04-10 18:10:46,0:00:19,completed,data-seed=8964 epochs=1000 net-seed=5687 verbose=0,,8964,citeseer,0.5,1000,16,0.0005,0.01,5687,4,0,72,,,,,,,0.40801429748535156,0.9750000238418579
ee79dab9,ChebNet|chebnet:train-citeseer,2020-04-10 18:10:22,0:00:20,completed,data-seed=5688 epochs=1000 net-seed=5687 verbose=0,,5688,citeseer,0.5,1000,16,0.0005,0.01,5687,4,0,83,,,,,,,0.3472651541233063,0.9916666746139526
e9d49497,ChebNet|chebnet:train-citeseer,2020-04-10 18:09:50,0:00:27,completed,data-seed=6608 epochs=1000 net-seed=5687 verbose=0,,6608,citeseer,0.5,1000,16,0.0005,0.01,5687,4,0,123,,,,,,,0.3162955045700073,0.9916666746139526
2e5e76b2,ChebNet|chebnet:train-citeseer,2020-04-10 18:09:27,0:00:19,completed,data-seed=9399 epochs=1000 net-seed=5687 verbose=0,,9399,citeseer,0.5,1000,16,0.0005,0.01,5687,4,0,81,,,,,,,0.37660446763038635,0.9916666746139526
7f7963ab,ChebNet|chebnet:train-citeseer,2020-04-10 18:08:58,0:00:25,completed,data-seed=4975 epochs=1000 net-seed=5687 verbose=0,,4975,citeseer,0.5,1000,16,0.0005,0.01,5687,4,0,110,,,,,,,0.3155874013900757,1.0
8c0c3d7d,ChebNet|chebnet:train-citeseer,2020-04-10 18:08:32,0:00:22,completed,data-seed=551 epochs=1000 net-seed=5687 verbose=0,,551,citeseer,0.5,1000,16,0.0005,0.01,5687,4,0,89,,,,,,,0.38574299216270447,1.0
afe09605,ChebNet|chebnet:train-citeseer,2020-04-10 18:08:03,0:00:25,completed,data-seed=1353 epochs=1000 net-seed=5687 verbose=0,,1353,citeseer,0.5,1000,16,0.0005,0.01,5687,4,0,123,,,,,,,0.28299224376678467,0.9916666746139526
af1a1001,ChebNet|chebnet:train-citeseer,2020-04-10 18:07:39,0:00:21,completed,data-seed=9516 epochs=1000 net-seed=5687 verbose=0,,9516,citeseer,0.5,1000,16,0.0005,0.01,5687,4,0,93,,,,,,,0.3693663477897644,0.9916666746139526
4cbea4c5,ChebNet|chebnet:evaluate,2020-04-10 18:07:32,0:27:05,completed,,,,,,,,,,,,,81,,,,,,,0.37660446763038635,0.9916666746139526
